"","nome_socio","txNomeParlamentar","nomeCivil","distancia","considerado.igual"
"1","RICARDO ARRUDA NUNES","RICARDO ARRUDA","RICARDO ARRUDA NUNES",0,TRUE
"2","OSORIO ADRIANO FILHO","OSORIO ADRIANO","OSORIO ADRIANO",6,TRUE
"3","IOLANDA KEIKO MIASHIRO OTA","KEIKO OTA","IOLANDA KEIKO MIASHIRO OTA",0,TRUE
"4","MOISES NOGUEIRA AVELINO","MOISES AVELINO","MOISES NOGUEIRA AVELINO",0,TRUE
"5","LUIZ GONZAGA PATRIOTA","Gonzaga Patriota","LUIZ GONZAGA PATRIOTA",0,TRUE
"6","DARCISIO PAULO PERONDI","Darcísio Perondi","DARCISIO PAULO PERONDI",0,TRUE
"7","MAGDA MOFATTO HON","Magda Mofatto","MAGDA MOFATTO HON",0,TRUE
"8","MARCIO DELLA VALLE BIOLCHI","Márcio Biolchi","MARCIO DELLA VALLE BIOLCHI",0,TRUE
"9","JOAO CARLOS PAOLILO BACELAR FILHO","João Carlos Bacelar","JOAO CARLOS PAOLILO BACELAR FILHO",0,TRUE
"10","EZEQUIEL CORTAZ TEIXEIRA","EZEQUIEL TEIXEIRA","EZEQUIEL CORTAZ TEIXEIRA",0,TRUE
"11","JOAO PAULO KARAM KLEINUBING","JOÃO PAULO KLEINÜBING","JOAO PAULO KARAM KLEINUBING",0,TRUE
"12","MARCELO COSTA E CASTRO","MARCELO CASTRO","MARCELO COSTA E CASTRO",0,TRUE
"13","JOAO LUCIO MAGALHAES BIFANO","JOÃO MAGALHÃES","JOAO LUCIO MAGALHAES BIFANO",0,TRUE
"14","WELLINGTON SALGADO DE OLIVEIRA","WELLINGTON SALGADO","WELLINGTON SALGADO DE OLIVEIRA",0,TRUE
"15","REGINALDO LAZARO DE OLIVEIRA LOPES","Reginaldo Lopes","REGINALDO LAZARO DE OLIVEIRA LOPES",0,TRUE
"16","JULIO JOSE DE CAMPOS","JÚLIO CAMPOS","JULIO JOSE DE CAMPOS",0,TRUE
"17","VICENTE FERREIRA DE ARRUDA COELHO","VICENTE ARRUDA","VICENTE FERREIRA DE ARRUDA COELHO",0,TRUE
"18","JOSE CARLOS SCHIAVINATO","Schiavinato","JOSE CARLOS SCHIAVINATO",0,TRUE
"19","JOSE ELEONILDO SOARES","PINTO ITAMARATY","JOSE ELEONILDO SOARES",0,TRUE
"20","ALEXANDRE LEITE DA SILVA","Alexandre Leite","ALEXANDRE LEITE DA SILVA",0,TRUE
"21","LUIZ CARLOS MOTTA","Luiz Carlos Motta","LUIZ CARLOS MOTTA",0,TRUE
"22","PAULO CESAR DE OLIVEIRA LIMA","PAULO LIMA","PAULO CESAR DE OLIVEIRA LIMA",0,TRUE
"23","ELEUSES VIEIRA DE PAIVA","ELEUSES PAIVA","ELEUSES VIEIRA DE PAIVA",0,TRUE
"24","ROBERTO DORNER","ROBERTO DORNER","ROBERTO DORNER",0,TRUE
"25","LUCIANO CALDAS BIVAR","Luciano Bivar","LUCIANO CALDAS BIVAR",0,TRUE
"26","BENEDITO DE CARVALHO SA","B. SÁ","BENEDITO DE CARVALHO SA",0,TRUE
"27","JOAO GUALBERTO VASCONCELOS","JOÃO GUALBERTO","JOAO GUALBERTO VASCONCELOS",0,TRUE
"28","ABEL SALVADOR MESQUITA JUNIOR","ABEL MESQUITA JR.","ABEL SALVADOR MESQUITA JUNIOR",0,TRUE
"29","ARNALDO CALIL PEREIRA JARDIM","Arnaldo Jardim","ARNALDO CALIL PEREIRA JARDIM",0,TRUE
"30","MANUEL ROSA DA SILVA","MANUEL ROSA NECA","MANUEL ROSA DA SILVA",0,TRUE
"31","HUMBERTO REZENDE PEREIRA","Beto Pereira","HUMBERTO REZENDE PEREIRA",0,TRUE
"32","JOSE LINHARES PONTE","JOSÉ LINHARES","JOSE LINHARES PONTE",0,TRUE
"33","LUIS ANTONIO FRANCISCATTO COVATTI","Covatti Filho","LUIS ANTONIO FRANCISCATTO COVATTI",0,TRUE
"34","RONALDO FONSECA DE SOUZA","RONALDO FONSECA","RONALDO FONSECA DE SOUZA",0,TRUE
"35","CARLOS HENRIQUE AMORIM","Carlos Henrique Gaguim","CARLOS HENRIQUE AMORIM",0,TRUE
"36","NILSON APARECIDO LEITAO","NILSON LEITÃO","NILSON APARECIDO LEITAO",0,TRUE
"37","ALFREDO HELIO SYRKIS","ALFREDO SIRKIS","ALFREDO HELIO SYRKIS",0,TRUE
"38","VALDIR LUIZ ROSSONI","ROSSONI","VALDIR LUIZ ROSSONI",0,TRUE
"39","FRANCISCO LUIZ ESCORCIO LIMA","FRANCISCO ESCÓRCIO","FRANCISCO LUIZ ESCORCIO LIMA",0,TRUE
"40","ROMULO JOSE DE GOUVEIA","RÔMULO GOUVEIA","ROMULO JOSE DE GOUVEIA",0,TRUE
"41","ETIVALDO VADAO GOMES","VADÃO GOMES","ETIVALDO VADAO GOMES",0,TRUE
"42","ATILA SIDNEY LINS DE ALBUQUERQUE","Átila Lins","ATILA SIDNEY LINS ALBUQUERQUE",3,TRUE
"43","IZALCI LUCAS FERREIRA","IZALCI LUCAS","IZALCI LUCAS FERREIRA",0,TRUE
"44","ROMARIO DE SOUZA FARIA","ROMÁRIO","ROMARIO DE SOUZA FARIA",0,TRUE
"45","RAUL DA SILVA LIMA SOBRINHO","RAUL LIMA","RAUL DA SILVA LIMA SOBRINHO",0,TRUE
"46","ARMANDO VERGILIO DOS SANTOS JUNIOR","ARMANDO VERGÍLIO","ARMANDO VERGILIO DOS SANTOS JUNIOR",0,TRUE
"47","WALTER SHINDI IIHOSHI","WALTER IHOSHI","WALTER SHINDI IIHOSHI",0,TRUE
"48","CARLOS ALBERTO PEREIRA","CARLOS ALBERTO","CARLOS ALBERTO DE SOUSA",11,FALSE
"49","CARLOS ALBERTO PEREIRA","CARLOS ALBERTO","CARLOS ALBERTO CINCURA",8,FALSE
"50","CARLOS ALBERTO PEREIRA","CARLOS ALBERTO","CARLOS ALBERTO PEREIRA",0,TRUE
"51","JOSE SIMPLICIO ALVES DE ARAUJO","Simplício Araújo","JOSE SIMPLICIO ALVES DE ARAUJO",0,TRUE
"52","ROBSON LEMOS RODOVALHO","RODOVALHO","ROBSON LEMOS RODOVALHO",0,TRUE
"53","FELIX DE ALMEIDA MENDONCA JUNIOR","Félix Mendonça Júnior","FELIX DE ALMEIDA MENDONCA JUNIOR",0,TRUE
"54","SINVAL MALHEIROS PINTO JUNIOR","Dr. Sinval Malheiros","SINVAL MALHEIROS PINTO JUNIOR",0,TRUE
"55","LUIZ HENRIQUE MANDETTA","MANDETTA","LUIZ HENRIQUE MANDETTA",0,TRUE
"56","LUIZ CARLOS SETIM","LUIZ CARLOS SETIM","LUIZ CARLOS SETIM",0,TRUE
"57","MARCIO REINALDO DIAS MOREIRA","MARCIO REINALDO MOREIRA","MARCIO REINALDO DIAS MOREIRA",0,TRUE
"58","CARLOS EDUARDO TORRES GOMES","EDUARDO GOMES","CARLOS EDUARDO TORRES GOMES",0,TRUE
"59","NELSON LUIZ PROENCA FERNANDES","NELSON PROENÇA","NELSON LUIZ PROENCA FERNANDES",0,TRUE
"60","FLAVIA CARREIRO ALBUQUERQUE MORAIS","Flávia Morais","FLAVIA CARREIRO ALBUQUERQUE MORAIS",0,TRUE
"61","PEDRO BANDARRA WESTPHALEN","Pedro Westphalen","PEDRO BANDARRA WESTPHALEN",0,TRUE
"62","ANTONIO EUSTAQUIO ANDRADE FERREIRA","ANTÔNIO ANDRADE","ANTONIO EUSTAQUIO ANDRADE FERREIRA",0,TRUE
"63","LUIZ CARLOS PIETSCHMANN","LUIZ PITIMAN","LUIZ CARLOS PIETSCHMANN",0,TRUE
"64","JOSE FERNANDO APARECIDO DE OLIVEIRA","JOSÉ FERNANDO APARECIDO DE OLI","JOSE FERNANDO APARECIDO DE OLI",5,TRUE
"65","ANTONIO DA JUSTA FEIJAO","ANTONIO FEIJÃO","ANTONIO DA JUSTA FEIJAO",0,TRUE
"66","BEATRIZ KICIS TORRENTS DE SORDI","Bia Kicis","BEATRIZ KICIS TORRENTS DE SORDI",0,TRUE
"67","JANETE MARIA GOES CAPIBERIBE","JANETE CAPIBERIBE","JANETE MARIA GOES CAPIBERIBE",0,TRUE
"68","ELIAS VAZ DE ANDRADE","Elias Vaz","ELIAS VAZ DE ANDRADE",0,TRUE
"69","MAURICIO GONCALVES TRINDADE","MAURÍCIO TRINDADE","MAURICIO GONCALVES TRINDADE",0,TRUE
"70","AFFONSO ALVES DE CAMARGO NETO","AFFONSO CAMARGO","AFFONSO ALVES DE CAMARGO",5,TRUE
"71","AFFONSO ALVES DE CAMARGO NETO","AFFONSO CAMARGO","AFFONSO ALVES DE CAMARGO NETO",0,TRUE
"72","ANDRES NAVARRO SANCHEZ","ANDRES SANCHEZ","ANDRES NAVARRO SANCHEZ",0,TRUE
"73","LUIZ ROBERTO DE ALBUQUERQUE","BETO ALBUQUERQUE","LUIZ ROBERTO DE ALBUQUERQUE",0,TRUE
"74","RODRIGO SANTOS DA ROCHA LOURES","ROCHA LOURES","RODRIGO SANTOS DA ROCHA LOURES",0,TRUE
"75","NEREU CRISPIM","Nereu Crispim","NEREU CRISPIM",0,TRUE
"76","JULIO LUIZ BAPTISTA LOPES","JULIO LOPES","JULIO LUIZ BAPTISTA LOPES",0,TRUE
"77","FLORDELIS DOS SANTOS DE SOUZA","Flordelis","FLORDELIS DOS SANTOS DE SOUZA",0,TRUE
"78","JOSE CAVALCANTI ALVES JUNIOR","ZECA CAVALCANTI","JOSE CAVALCANTI ALVES JUNIOR",0,TRUE
"79","WILLIAM DIB","WILLIAM DIB","WILLIAM DIB",0,TRUE
"80","JOSE MIGUEL MARTINI","MIGUEL MARTINI","JOSE MIGUEL MARTINI",0,TRUE
"81","GILBERTO COUTINHO FREIRE","GILBERTO COUTINHO","GILBERTO COUTINHO FREIRE",0,TRUE
"82","CELSO UBIRAJARA RUSSOMANNO","Celso Russomanno","CELSO UBIRAJARA RUSSOMANNO",0,TRUE
"83","CLAUDIO ALBERTO CASTELO BRANCO PUTY","CLÁUDIO PUTY","CLAUDIO ALBERTO CASTELO BRANCO PUTY",0,TRUE
"84","MARIANA FONSECA RIBEIRO CARVALHO DE MORAES","Mariana Carvalho","MARIANA FONSECA RIBEIRO CARVALHO DE MORAES",0,TRUE
"85","JOSE SANTANA DE VASCONCELLOS MOREIRA","JOSÉ SANTANA VASCONCELLOS","JOSE SANTANA VASCONCELLOS",11,FALSE
"86","OSIRES RODRIGUES DAMASO","Osires Damaso","OSIRES RODRIGUES DAMASO",0,TRUE
"87","CIRO NOGUEIRA LIMA FILHO","CIRO NOGUEIRA","CIRO NOGUEIRA LIMA FILHO",0,TRUE
"88","CIRO NOGUEIRA LIMA FILHO","CIRO NOGUEIRA","CIRO NOGUEIRA LIMA",6,TRUE
"89","ALTINEU CORTES FREITAS COUTINHO","Altineu Côrtes","ALTINEU CORTES FREITAS COUTINHO",0,TRUE
"90","PAULO TADEU VALE DA SILVA","PAULO TADEU","PAULO TADEU VALE DA SILVA",0,TRUE
"91","ALCIDES RIBEIRO FILHO","Professor Alcides","ALCIDES RIBEIRO FILHO",0,TRUE
"92","RENATO COZZOLINO SOBRINHO","RENATO COZZOLINO","RENATO COZZOLINO SOBRINHO",0,TRUE
"93","ANTONIO MARCELO TEIXEIRA SOUSA","MARCELO TEIXEIRA","ANTONIO MARCELO TEIXEIRA SOUSA",0,TRUE
"94","WILSON PICLER","WILSON PICLER","WILSON PICLER",0,TRUE
"95","EDGAR MOURY FERNANDES SOBRINHO","EDGAR MOURY","EDGAR MOURY FERNANDES SOBRINHO",0,TRUE
"96","ANDRE LUIZ VARGAS ILARIO","ANDRE VARGAS","ANDRE LUIZ VARGAS ILARIO",0,TRUE
"97","JACOB ALFREDO STOFFELS KAEFER","ALFREDO KAEFER","JACOB ALFREDO STOFFELS KAEFER",0,TRUE
"98","JAIME MARTINS FILHO","JAIME MARTINS","JAIME MARTINS FILHO",0,TRUE
"99","REINHOLD STEPHANES","REINHOLD STEPHANES","REINHOLD STEPHANES",0,TRUE
"100","JOSE DE ARAUJO MENDONCA SOBRINHO","MENDONÇA PRADO","JOSE DE ARAUJO MENDONCA SOBRINHO",0,TRUE
"101","RICARDO JOSE MAGALHAES BARROS","Ricardo Barros","RICARDO JOSE MAGALHAES BARROS",0,TRUE
"102","GERVASIO JOSE DA SILVA","GERVÁSIO SILVA","GERVASIO JOSE DA SILVA",0,TRUE
"103","JOAO CALDAS DA SILVA","JOÃO CALDAS","JOAO CALDAS DA SILVA",0,TRUE
"104","LINDOMAR BARBOSA ALVES","LINDOMAR GARÇON","LINDOMAR BARBOSA ALVES",0,TRUE
"105","PEDRO OLIVEIRA CUNHA LIMA","Pedro Cunha Lima","PEDRO OLIVEIRA CUNHA LIMA",0,TRUE
"106","ANTONIO JACOME DE LIMA JUNIOR","ANTÔNIO JÁCOME","ANTONIO JACOME DE LIMA JUNIOR",0,TRUE
"107","JOAO DA SILVA MAIA","João Maia","JOAO DA SILVA MAIA",0,TRUE
"108","JACKSON BARRETO DE LIMA","JACKSON BARRETO","JACKSON BARRETO DE LIMA",0,TRUE
"109","RICARDO QUIRINO DOS SANTOS","RICARDO QUIRINO","RICARDO QUIRINO DOS SANTOS",0,TRUE
"110","FELIPE CATALAO MAIA","FELIPE MAIA","FELIPE CATALAO MAIA",0,TRUE
"111","LUIZ FLAVIO GOMES","Luiz Flávio Gomes","LUIZ FLAVIO GOMES",0,TRUE
"112","HAROLDO ALVES CAMPOS","Haroldo Cathedral","HAROLDO ALVES CAMPOS",0,TRUE
"113","LUIZ ALBERTO OVANDO","Dr. Luiz Ovando","LUIZ ALBERTO OVANDO",0,TRUE
"114","HENRIQUE EDUARDO LYRA ALVES","HENRIQUE EDUARDO ALVES","HENRIQUE EDUARDO LYRA ALVES",0,TRUE
"115","GUILHERME CRUZ DE SOUZA COELHO","GUILHERME COELHO","GUILHERME CRUZ DE SOUZA COELHO",0,TRUE
"116","MARIA LUCIA CARDOSO","MARIA LÚCIA CARDOSO","MARIA LUCIA CARDOSO",0,TRUE
"117","NEWTON CARDOSO","NEWTON CARDOSO","NEWTON CARDOSO",0,TRUE
"118","JORGE KHOURY HEDAYE","JORGE KHOURY","JORGE KHOURY HEDAYE",0,TRUE
"119","OLAVO BILAC PINTO NETO","Bilac Pinto","OLAVO BILAC PINTO NETO",0,TRUE
"120","ROBSON TUMA","ROBSON TUMA","ROBSON TUMA",0,TRUE
"121","AUREO LIDIO MOREIRA RIBEIRO","Aureo Ribeiro","AUREO LIDIO MOREIRA RIBEIRO",0,TRUE
"122","OSVALDO OLAVIO MAFRA","OSVALDO MAFRA","OSVALDO OLAVIO MAFRA",0,TRUE
"123","VICTOR PIRES FRANCO NETO","VIC PIRES FRANCO","VICTOR PIRES FRANCO NETO",0,TRUE
"124","ARTHUR DE OLIVEIRA MAIA DA SILVA","Arthur Oliveira Maia","ARTHUR DE OLIVEIRA MAIA DA SILVA",0,TRUE
"125","ADRIANA MIGUEL VENTURA","Adriana Ventura","ADRIANA MIGUEL VENTURA",0,TRUE
"126","EUNICIO LOPES DE OLIVEIRA","EUNICIO OLIVEIRA","EUNICIO OLIVEIRA",9,FALSE
"127","JORGE CATARINO LEONARDELI BOEIRA","JORGE BOEIRA","JORGE CATARINO LEONARDELI BOEIRA",0,TRUE
"128","EUGENIO JOSE ZULIANI","Geninho Zuliani","EUGENIO JOSE ZULIANI",0,TRUE
"129","JOSE CARLOS ALELUIA COSTA","JOSÉ CARLOS ALELUIA","JOSE CARLOS ALELUIA COSTA",0,TRUE
"130","VICENTE ALVES DE OLIVEIRA","VICENTINHO ALVES","VICENTE ALVES DE OLIVEIRA",0,TRUE
"131","JOAO SANDES JUNIOR","SANDES JÚNIOR","JOAO SANDES JUNIOR",0,TRUE
"132","WALDENOR ALVES PEREIRA FILHO","Waldenor Pereira","WALDENOR ALVES PEREIRA FILHO",0,TRUE
"133","ROMANNA GIULIA CECCON LEANDRO REMOR MARCELINO","ROMANNA REMOR","ROMANNA GIULIA CECCON LEANDRO REMOR MARCELINO",0,TRUE
"134","CIRO FERREIRA GOMES","CIRO GOMES","CIRO FERREIRA GOMES",0,TRUE
"135","SORAYA DE SOUZA MANNATO","Dra. Soraya Manato","SORAYA DE SOUZA MANNATO",0,TRUE
"136","JOSE MARIO SCHREINER","Jose Mario Schreiner","JOSE MARIO SCHREINER",0,TRUE
"137","NILTON BALBINO","NILTON CAPIXABA","NILTON BALBINO",0,TRUE
"138","VALDEMAR COSTA NETO","VALDEMAR COSTA NETO","VALDEMAR COSTA NETO",0,TRUE
"139","FERNANDO MONTEIRO DE ALBUQUERQUE","Fernando Monteiro","FERNANDO MONTEIRO DE ALBUQUERQUE",0,TRUE
"140","CLOVIS ANTONIO CHAVES FECURY","CLÓVIS FECURY","CLOVIS ANTONIO CHAVES FECURY",0,TRUE
"141","VALDIVINO JOSE DE OLIVEIRA","VALDIVINO DE OLIVEIRA","VALDIVINO JOSE DE OLIVEIRA",0,TRUE
"142","JOSE LUIZ DE FRANCA PENNA","PENNA","JOSE LUIZ DE FRANCA PENNA",0,TRUE
"143","ANTONIO DA LUZ FURTADO","Delegado Antônio Furtado","ANTONIO DA LUZ FURTADO",0,TRUE
"144","MARCELO VIVIANI GONCALVES","MARCELO MATOS","MARCELO VIVIANI GONCALVES",0,TRUE
"145","LUCIO QUADROS VIEIRA LIMA","LUCIO VIEIRA LIMA","LUCIO QUADROS VIEIRA LIMA",0,TRUE
"146","ALEXANDRE VALLE CARDOSO","ALEXANDRE VALLE","ALEXANDRE VALLE CARDOSO",0,TRUE
"147","ROBERTO EGIDIO BALESTRA","ROBERTO BALESTRA","ROBERTO EGIDIO BALESTRA",0,TRUE
"148","AKIRA OTSUBO","AKIRA OTSUBO","AKIRA OTSUBO",0,TRUE
"149","ISNALDO BULHOES BARROS JUNIOR","Isnaldo Bulhões Jr.","ISNALDO BULHOES BARROS JUNIOR",0,TRUE
"150","AUGUSTO CESAR CAVALCANTE FARIAS","AUGUSTO FARIAS","AUGUSTO CESAR CAVALCANTE FARIAS",0,TRUE
"151","ELIZEU MORAIS DE AGUIAR","ELIZEU AGUIAR","ELIZEU MORAIS DE AGUIAR",0,TRUE
"152","ANTONIO CARLOS MARTINS DE BULHOES","ANTONIO BULHÕES","ANTONIO CARLOS MARTINS DE BULHOES",0,TRUE
"153","SALVADOR ZIMBALDI FILHO","SALVADOR ZIMBALDI","SALVADOR ZIMBALDI FILHO",0,TRUE
"154","MARIO FEITOZA DE CARVALHO FREITAS","MÁRIO FEITOZA","MARIO FEITOZA DE CARVALHO FREITAS",0,TRUE
"155","YEDA RORATO CRUSIUS","YEDA CRUSIUS","YEDA RORATO CRUSIUS",0,TRUE
"156","MARIA LAURA MONTEZA DE SOUZA CARNEIRO","LAURA CARNEIRO","MARIA LAURA MONTEZA DE SOUZA CARNEIRO",0,TRUE
"157","LUIZ CARLOS GHIORZZI BUSATO","LUIZ CARLOS BUSATO","LUIZ CARLOS GHIORZZI BUSATO",0,TRUE
"158","SANDRO DA MABEL ANTONIO SCODRO","SANDRO MABEL","SANDRO ANTONIO SCODRO",9,FALSE
"159","JOSE EDUARDO MARTINS CARDOZO","JOSE EDUARDO CARDOZO","JOSE EDUARDO CARDOZO",8,FALSE
"160","CARLA ROSYMAR ARAUJO DE SOUSA BARRETO","ROSY DE SOUSA","CARLA ROSYMAR ARAUJO DE SOUSA BARRETO",0,TRUE
"161","WADSON NATHANIEL RIBEIRO","WADSON RIBEIRO","WADSON NATHANIEL RIBEIRO",0,TRUE
"162","FERNANDO LUCIO GIACOBO","Giacobo","FERNANDO LUCIO GIACOBO",0,TRUE
"163","NELSON PADOVANI","NELSON PADOVANI","NELSON PADOVANI",0,TRUE
"164","ANTONIA LUCILEIA CRUZ RAMOS CAMARA","ANTÔNIA LÚCIA","ANTONIA LUCILEIA CRUZ RAMOS CAMARA",0,TRUE
"165","MARIA GORETE PEREIRA","GORETE PEREIRA","MARIA GORETE PEREIRA",0,TRUE
"166","LUIZ BENES LEOCADIO DE ARAUJO","Benes Leocádio","LUIZ BENES LEOCADIO DE ARAUJO",0,TRUE
"167","ALEXIS JOSEPH STEVERLYNCK FONTEYNE","Alexis Fonteyne","ALEXIS JOSEPH STEVERLYNCK FONTEYNE",0,TRUE
"168","ROBERTO SERGIO RIBEIRO COUTINHO TEIXEIRA","ROBERTO TEIXEIRA","ROBERTO SERGIO RIBEIRO COUTINHO TEIXEIRA",0,TRUE
"169","OSSESIO JOSE DA SILVA","Ossesio Silva","OSSESIO JOSE DA SILVA",0,TRUE
"170","GOIACIARA TAVARES CRUZ","GOIACIARA CRUZ","GOIACIARA TAVARES CRUZ",0,TRUE
"171","THEMISTOCLES DE SAMPAIO PEREIRA","THEMISTOCLES SAMPAIO","THEMISTOCLES SAMPAIO",11,FALSE
"172","LUCIO ANTONIO MOSQUINI","Lucio Mosquini","LUCIO ANTONIO MOSQUINI",0,TRUE
"173","EVANDRO HERRERA BERTONE GUSSI","EVANDRO GUSSI","EVANDRO HERRERA BERTONE GUSSI",0,TRUE
"174","MARINA PIGNATARO SANT ANNA","MARINA SANTANNA","MARINA PIGNATARO SANT'ANNA",2,TRUE
"175","DARCI DE MATOS","Darci de Matos","DARCI DE MATOS",0,TRUE
"176","RONALDO AUGUSTO LESSA SANTOS","RONALDO LESSA","RONALDO AUGUSTO LESSA SANTOS",0,TRUE
"177","FRANCISCO EVERARDO TIRIRICA OLIVEIRA SILVA","Tiririca","FRANCISCO EVERARDO TIRIRICA OLIVEIRA SILVA",0,TRUE
"178","CESAR HANNA HALUM","CÉSAR HALUM","CESAR HANNA HALUM",0,TRUE
"179","ROBERTO PEREIRA DE BRITTO","ROBERTO BRITTO","ROBERTO PEREIRA DE BRITTO",0,TRUE
"180","DULCE FERREIRA PAGANI MIRANDA","Dulce Miranda","DULCE FERREIRA PAGANI MIRANDA",0,TRUE
"181","SILVIO FRANCA TORRES","SILVIO TORRES","SILVIO FRANCA TORRES",0,TRUE
"182","RONALDO RAMOS CAIADO","RONALDO CAIADO","RONALDO RAMOS CAIADO",0,TRUE
"183","CELIO ANTONIO DA SILVEIRA","Célio Silveira","CELIO ANTONIO DA SILVEIRA",0,TRUE
"184","CARLOS ROBERTO DE CAMPOS","CARLOS ROBERTO","CARLOS ROBERTO DE CAMPOS",0,TRUE
"185","CARLOS MAGNO RAMOS","CARLOS MAGNO","CARLOS MAGNO RAMOS",0,TRUE
"186","JOSE AUGUSTO NALIN","ZÉ AUGUSTO NALIN","JOSE AUGUSTO NALIN",0,TRUE
"187","MILTON VIEIRA PINTO","Milton Vieira","MILTON VIEIRA PINTO",0,TRUE
"188","SERGIO ANTONIO NECHAR","DR. NECHAR","SERGIO ANTONIO NECHAR",0,TRUE
"189","HERBSON JAIRO RIBEIRO BANTIM","BERINHO BANTIM","HERBSON JAIRO RIBEIRO BANTIM",0,TRUE
"190","ADELMO CARNEIRO LEAO","ADELMO CARNEIRO LEÃO","ADELMO CARNEIRO LEAO",0,TRUE
"191","JOSE ALMEIDA LIMA","ALMEIDA LIMA","JOSE ALMEIDA LIMA",0,TRUE
"192","NEY LEPREVOST NETO","Ney Leprevost","NEY LEPREVOST NETO",0,TRUE
"193","JUAREZ ALVES DA COSTA","Juarez Costa","JUAREZ ALVES DA COSTA",0,TRUE
"194","JOAO ANANIAS VASCONCELOS NETO","JOÃO ANANIAS","JOAO ANANIAS VASCONCELOS NETO",0,TRUE
"195","PAULO ROBERTO SEVERO PIMENTA","Paulo Pimenta","PAULO ROBERTO SEVERO PIMENTA",0,TRUE
"196","CELSO SABINO DE OLIVEIRA","Celso Sabino","CELSO SABINO DE OLIVEIRA",0,TRUE
"197","LEONARDO LEMOS BARROS QUINTAO","LEONARDO QUINTÃO","LEONARDO LEMOS BARROS QUINTAO",0,TRUE
"198","MISAEL ARTUR FERREIRA VARELLA","Misael Varella","MISAEL ARTUR FERREIRA VARELLA",0,TRUE
"199","ANIBAL FERREIRA GOMES","Aníbal Gomes","ANIBAL FERREIRA GOMES",0,TRUE
"200","JOSE ALVES ROCHA","José Rocha","JOSE ALVES ROCHA",0,TRUE
"201","JOAO JOSE PEREIRA DE LYRA","JOÃO LYRA","JOAO JOSE PEREIRA DE LYRA",0,TRUE
"202","IRACEMA MARIA PORTELLA NUNES NOGUEIRA LIMA","Iracema Portella","IRACEMA MARIA PORTELLA NUNES NOGUEIRA LIMA",0,TRUE
"203","ALBERTO PEREIRA MOURAO","ALBERTO MOURÃO","ALBERTO PEREIRA MOURAO",0,TRUE
"204","JOSEILDO RIBEIRO RAMOS","Joseildo Ramos","JOSEILDO RIBEIRO RAMOS",0,TRUE
"205","ALBANO DO PRADO PIMENTEL FRANCO","ALBANO FRANCO","ALBANO DO PRADO PIMENTEL FRANCO",0,TRUE
"206","LUCIANO FERNANDES MOREIRA","LUCIANO MOREIRA","LUCIANO FERNANDES MOREIRA",0,TRUE
"207","JOZIANE ARAUJO NASCIMENTO","JOZI ARAÚJO","JOZIANE ARAUJO NASCIMENTO",0,TRUE
"208","JOAO LUIZ CORREIA ARGOLO DOS SANTOS","LUIZ ARGÔLO","JOAO LUIZ CORREIA ARGOLO DOS SANTOS",0,TRUE
"209","JOSE GERARDO CORREA DE ARRUDA","GERA ARRUDA","JOSE GERARDO CORREA DE ARRUDA",0,TRUE
"210","MANOEL FERREIRA","PASTOR MANOEL FERREIRA","MANOEL FERREIRA",0,TRUE
"211","CESAR ANTONIO DE SOUZA","CESAR SOUZA","CESAR ANTONIO DE SOUZA",0,TRUE
"212","MARCAL GONCALVES LEITE FILHO","MARÇAL FILHO","MARCAL GONCALVES LEITE FILHO",0,TRUE
"213","GABRIEL BENEDITO ISSAAC CHALITA","GABRIEL CHALITA","GABRIEL BENEDITO ISSAAC CHALITA",0,TRUE
"214","CARLOS ALBERTO DE SOUSA ROSADO","BETINHO ROSADO","CARLOS ALBERTO DE SOUSA ROSADO",0,TRUE
"215","JOAO ANTONIO HOLANDA CALDAS","Dr. João","JOAO ANTONIO HOLANDA CALDAS",0,TRUE
"216","HIDEKAZU TAKAYAMA","TAKAYAMA","HIDEKAZU TAKAYAMA",0,TRUE
"217","JOAO ALBERTO PIZZOLATTI JUNIOR","JOÃO PIZZOLATTI","JOAO ALBERTO PIZZOLATTI JUNIOR",0,TRUE
"218","RODRIGO BATISTA DE CASTRO","Rodrigo de Castro","RODRIGO BATISTA DE CASTRO",0,TRUE
"219","MARCELO BELTRAO DE ALMEIDA","MARCELO ALMEIDA","MARCELO BELTRAO DE ALMEIDA",0,TRUE
"220","NEWTON CARDOSO JUNIOR","Newton Cardoso Jr","NEWTON CARDOSO JUNIOR",0,TRUE
"221","CIRO FRANCISCO PEDROSA","CIRO PEDROSA","CIRO FRANCISCO PEDROSA",0,TRUE
"222","LAZARO BOTELHO MARTINS","LÁZARO BOTELHO","LAZARO BOTELHO MARTINS",0,TRUE
"223","NELSON MARCHEZAN JUNIOR","NELSON MARCHEZAN JUNIOR","NELSON MARCHEZAN JUNIOR",0,TRUE
"224","JOSE RICARDO ALVARENGA TRIPOLI","RICARDO TRIPOLI","JOSE RICARDO ALVARENGA TRIPOLI",0,TRUE
"225","RUBENS OTONI GOMIDE","Rubens Otoni","RUBENS OTONI GOMIDE",0,TRUE
"226","ROGERIO MENDONCA","Rogério Peninha Mendonça","ROGERIO MENDONCA",0,TRUE
"227","LUIZ FERNANDO SARMENTO NICOLAU","DR. LUIZ FERNANDO","LUIZ FERNANDO SARMENTO NICOLAU",0,TRUE
"228","SERGIO OLIMPIO GOMES","MAJOR OLIMPIO","SERGIO OLIMPIO GOMES",0,TRUE
"229","MARCIO TADEU ANHAIA DE LEMOS","Coronel Tadeu","MARCIO TADEU ANHAIA DE LEMOS",0,TRUE
"230","ARNALDO FARIA DE SA","ARNALDO FARIA DE SÁ","ARNALDO FARIA DE SA",0,TRUE
"231","HELIO FRANCISCO DA COSTA","Hélio Costa","HELIO FRANCISCO DA COSTA",0,TRUE
"232","JOAO FELIPE DE SOUZA LEAO","JOÃO LEÃO","JOAO FELIPE DE SOUZA LEAO",0,TRUE
"233","PAULO ROBERTO FOLETTO","Paulo Foletto","PAULO ROBERTO FOLETTO",0,TRUE
"234","JOSE AUGUSTO DA SILVA CURVO","TAMPINHA","JOSE AUGUSTO DA SILVA CURVO",0,TRUE
"235","EDIGAR EVANGELISTA DOS ANJOS","EDIGAR MÃO BRANCA","EDIGAR EVANGELISTA DOS ANJOS",0,TRUE
"236","FABIO SALUSTINO MESQUITA DE FARIA","Fábio Faria","FABIO SALUSTINO MESQUITA DE FARIA",0,TRUE
"237","JOAO HERRMANN NETO","JOÃO HERRMANN NETO","JOAO HERRMANN NETO",0,TRUE
"238","PAULO HENRIQUE ELLERY LUSTOSA DA COSTA","PAULO HENRIQUE LUSTOSA","PAULO HENRIQUE ELLERY LUSTOSA DA COSTA",0,TRUE
"239","MILTON ANTONIO CASQUEL MONTI","MILTON MONTI","MILTON ANTONIO CASQUEL MONTI",0,TRUE
"240","JOSE CARLOS MACHADO","JOSÉ CARLOS MACHADO","JOSE CARLOS MACHADO",0,TRUE
"241","EDSON SANTOS DE SOUZA","EDSON SANTOS","EDSON SANTOS DE SOUZA",0,TRUE
"242","RUBENS BUENO","Rubens Bueno","RUBENS BUENO",0,TRUE
"243","TANIA RAQUEL DE QUEIROZ MUNIZ","RAQUEL MUNIZ","TANIA RAQUEL DE QUEIROZ MUNIZ",0,TRUE
"244","SERGIO LUIS LACERDA BRITO","Sérgio Brito","SERGIO LUIS LACERDA BRITO",0,TRUE
"245","CARMEN EMILIA BONFA ZANOTTO","Carmen Zanotto","CARMEN EMILIA BONFA ZANOTTO",0,TRUE
"246","CARLOS HUMBERTO MANNATO","CARLOS MANATO","CARLOS HUMBERTO MANNATO",0,TRUE
"247","RUY PAULETTI","PROFESSOR RUY PAULETTI","RUY PAULETTI",0,TRUE
"248","WOLNEY QUEIROZ MACIEL","Wolney Queiroz","WOLNEY QUEIROZ MACIEL",0,TRUE
"249","ANTONIO ELIZABETH GONCALO DE SOUSA","Dr. Gonçalo","ANTONIO ELIZABETH GONCALO DE SOUSA",0,TRUE
"250","GUILHERME CAMPOS JUNIOR","GUILHERME CAMPOS","GUILHERME CAMPOS JUNIOR",0,TRUE
"251","SERGIO BAVINI","SÉRGIO REIS","SERGIO BAVINI",0,TRUE
"252","HEBERTE LAMARCK GOMES DA SILVA","BETINHO GOMES","HEBERTE LAMARCK GOMES DA SILVA",0,TRUE
"253","GUTEMBERG REIS DE OLIVEIRA","Gutemberg Reis","GUTEMBERG REIS DE OLIVEIRA",0,TRUE
"254","ANTONIO PINHEIRO NETO","Pinheirinho","ANTONIO PINHEIRO NETO",0,TRUE
"255","MIGUEL MOUBADDA HADDAD","Miguel Haddad","MIGUEL MOUBADDA HADDAD",0,TRUE
"256","CAMILO COLA","CAMILO COLA","CAMILO COLA",0,TRUE
"257","MARCELO DE ARAUJO MELO","MARCELO MELO","MARCELO DE ARAUJO MELO",0,TRUE
"258","ANTONIO CARLOS DE MENDES THAME","ANTONIO CARLOS MENDES THAME","ANTONIO CARLOS DE MENDES THAME",0,TRUE
"259","ANA LUCIA ARRAES DE ALENCAR","ANA ARRAES","ANA LUCIA ARRAES DE ALENCAR",0,TRUE
"260","ANTONIO PEDRO INDIO DA COSTA","INDIO DA COSTA","ANTONIO PEDRO INDIO DA COSTA",0,TRUE
"261","FLAVIO LUIS MOREIRA ANTUNES","FLAVIO ANTUNES","FLAVIO LUIS MOREIRA ANTUNES",0,TRUE
"262","CAIO NARCIO RODRIGUES DA SILVEIRA","CAIO NARCIO","CAIO NARCIO RODRIGUES DA SILVEIRA",0,TRUE
"263","JOSE LEONIDAS DE MENEZES CRISTINO","Leônidas Cristino","JOSE LEONIDAS DE MENEZES CRISTINO",0,TRUE
"264","OZIEL ALVES DE OLIVEIRA","OZIEL OLIVEIRA","OZIEL ALVES DE OLIVEIRA",0,TRUE
"265","SIDNEY RICARDO DE OLIVEIRA LEITE","Sidney Leite","SIDNEY RICARDO DE OLIVEIRA LEITE",0,TRUE
"266","MARIO LUCIO HERINGER","Mário Heringer","MARIO LUCIO HERINGER",0,TRUE
"267","ELISEU LEMOS PADILHA","ELISEU PADILHA","ELISEU LEMOS PADILHA",0,TRUE
"268","OTONI MOURA DE PAULO JUNIOR","Otoni de Paula","OTONI MOURA DE PAULO JUNIOR",0,TRUE
"269","OSMAR GASPARINI TERRA","Osmar Terra","OSMAR GASPARINI TERRA",0,TRUE
"270","WALDIR NEVES BARBOSA","WALDIR NEVES","WALDIR NEVES BARBOSA",0,TRUE
"271","WADIH NEMER DAMOUS FILHO","WADIH DAMOUS","WADIH NEMER DAMOUS FILHO",0,TRUE
"272","DANRLEI DE DEUS HINTERHOLZ","Danrlei de Deus Hinterholz","DANRLEI DE DEUS HINTERHOLZ",0,TRUE
"273","RAIMUNDO DE SA URTIGA FILHO","R. SÁ FILHO","RAIMUNDO DE SA URTIGA FILHO",0,TRUE
"274","WANDENKOLK PASTEUR GONCALVES","WANDENKOLK GONÇALVES","WANDENKOLK PASTEUR GONCALVES",0,TRUE
"275","RICARDO IZAR JUNIOR","Ricardo Izar","RICARDO IZAR JUNIOR",0,TRUE
"276","CELCITA ROSA PINHEIRO DA SILVA","CELCITA PINHEIRO","CELCITA ROSA PINHEIRO DA SILVA",0,TRUE
"277","DAMINA DE CARVALHO PEREIRA","DÂMINA PEREIRA","DAMINA DE CARVALHO PEREIRA",0,TRUE
"278","EDUARDO HENRIQUE DA FONTE DE ALBUQUERQUE SILVA","Eduardo da Fonte","EDUARDO HENRIQUE DA FONTE DE ALBUQUERQUE SILVA",0,TRUE
"279","FRANCISCO PLINIO VALERIO TOMAZ","PLÍNIO VALÉRIO","FRANCISCO PLINIO VALERIO TOMAZ",0,TRUE
"280","JOSE LOURENCO BOMFIM JUNIOR","Junior Lourenço","JOSE LOURENCO BOMFIM JUNIOR",0,TRUE
"281","RENILDO VASCONCELOS CALHEIROS","Renildo Calheiros","RENILDO VASCONCELOS CALHEIROS",0,TRUE
"282","ANDERSON FERREIRA RODRIGUES","ANDERSON FERREIRA","ANDERSON FERREIRA RODRIGUES",0,TRUE
"283","ANDRE FERREIRA RODRIGUES","André Ferreira","ANDRE FERREIRA RODRIGUES",0,TRUE
"284","PEDRO HENRY NETO","PEDRO HENRY","PEDRO HENRY NETO",0,TRUE
"285","RODRIGO BETHLEM FERNANDES","RODRIGO BETHLEM","RODRIGO BETHLEM FERNANDES",0,TRUE
"286","RONALDO SANTINI","Santini","RONALDO SANTINI",0,TRUE
"287","JOAO BITTAR JUNIOR","JOÃO BITTAR","JOAO BITTAR JUNIOR",0,TRUE
"288","AROLDE DE OLIVEIRA","AROLDE DE OLIVEIRA","AROLDE DE OLIVEIRA",0,TRUE
"289","NILSON FRANCISCO STAINSACK","Nilson F. Stainsack","NILSON FRANCISCO STAINSACK",0,TRUE
"290","PEDRO TORRES BRANDAO VILELA","PEDRO VILELA","PEDRO TORRES BRANDAO VILELA",0,TRUE
"291","GLAUSKSTON BATISTA RIOS","Glaustin da Fokus","GLAUSKSTON BATISTA RIOS",0,TRUE
"292","MARINALDO ROSENDO DE ALBUQUERQUE","MARINALDO ROSENDO","MARINALDO ROSENDO DE ALBUQUERQUE",0,TRUE
"293","JOAO FERRARI JUNIOR","Júnior Ferrari","JOAO FERRARI JUNIOR",0,TRUE
"294","WLADIMIR AFONSO DA COSTA RABELO","WLADIMIR COSTA","WLADIMIR AFONSO DA COSTA RABELO",0,TRUE
"295","LUANA MARIA DA SILVA COSTA","LUANA COSTA","LUANA MARIA DA SILVA COSTA",0,TRUE
"296","MARGARETE DE CASTRO COELHO","Margarete Coelho","MARGARETE DE CASTRO COELHO",0,TRUE
"297","EMIDIO ALVES MADEIRA JUNIOR","Emidinho Madeira","EMIDIO ALVES MADEIRA JUNIOR",0,TRUE
"298","JOSE ADAIL CARNEIRO SILVA","ADAIL CARNEIRO","JOSE ADAIL CARNEIRO SILVA",0,TRUE
"299","CLAUDIO CAJADO SAMPAIO","Claudio Cajado","CLAUDIO CAJADO SAMPAIO",0,TRUE
"300","LEUR ANTONIO DE BRITTO LOMANTO JUNIOR","Leur Lomanto Júnior","LEUR ANTONIO DE BRITTO LOMANTO JUNIOR",0,TRUE
"301","ONYX DORNELLES LORENZONI","Onyx Lorenzoni","ONYX DORNELLES LORENZONI",0,TRUE
"302","FABIANO TAQUES HORTA","FABIANO HORTA","FABIANO TAQUES HORTA",0,TRUE
"303","IRIS XAVIER SIMOES","IRIS SIMÕES","IRIS SIMOES",7,TRUE
"304","MARCELO PEREIRA SURCIN","MARCELINHO CARIOCA","MARCELO PEREIRA SURCIN",0,TRUE
"305","EDUARDO FRANCISCO SCIARRA","EDUARDO SCIARRA","EDUARDO FRANCISCO SCIARRA",0,TRUE
"306","BERNARDO DE VASCONCELLOS MOREIRA","BERNARDO SANTANA DE VASCONCELLOS","BERNARDO DE VASCONCELLOS MOREIRA",0,TRUE
"307","LAERCIO JOSE DE OLIVEIRA","Laercio Oliveira","LAERCIO JOSE DE OLIVEIRA",0,TRUE
"308","LUIS HENRIQUE DE OLIVEIRA RESENDE","Luis Tibé","LUIS HENRIQUE DE OLIVEIRA RESENDE",0,TRUE
"309","LAEL VIEIRA VARELLA","LAEL VARELLA","LAEL VIEIRA VARELLA",0,TRUE
"310","MARIA LUCENIRA FERREIRA OLIVEIRA PIMENTEL","LUCENIRA PIMENTEL","MARIA LUCENIRA FERREIRA OLIVEIRA PIMENTEL",0,TRUE
"311","MARLON ARATOR SANTOS DA ROSA","Marlon Santos","MARLON ARATOR SANTOS DA ROSA",0,TRUE
"312","CARLOS WILLIAM DE SOUZA","CARLOS WILLIAN","CARLOS WILLIAN DE SOUZA",2,TRUE
"313","ADALBERTO CAVALCANTI RODRIGUES","ADALBERTO CAVALCANTI","ADALBERTO CAVALCANTI RODRIGUES",0,TRUE
"314","JOAO FERREIRA NETO","DR. JOÃO","JOAO FERREIRA NETO",0,TRUE
"315","LUCIANO DE SOUZA CASTRO","LUCIANO CASTRO","LUCIANO DE SOUZA CASTRO",0,TRUE
"316","FELIPE AUGUSTO LYRA CARRERAS","Felipe Carreras","FELIPE AUGUSTO LYRA CARRERAS",0,TRUE
"317","OSMAR STUART BERTOLDI","OSMAR BERTOLDI","OSMAR STUART BERTOLDI",0,TRUE
"318","ALEX SPINELLI MANENTE","Alex Manente","ALEX SPINELLI MANENTE",0,TRUE
"319","CARLOS DO CARMO ANDRADE MELLES","CARLOS MELLES","CARLOS DO CARMO ANDRADE MELLES",0,TRUE
"320","JOSE VIEIRA LINS","ZÉ VIEIRA","JOSE VIEIRA LINS",0,TRUE
"321","JOSE NUNES SOARES","José Nunes","JOSE NUNES SOARES",0,TRUE
"322","ARLINDO CHIGNALIA JUNIOR","Arlindo Chinaglia","ARLINDO CHIGNALIA JUNIOR",0,TRUE
"323","ANTONIO BALHMANN CARDOSO NUNES FILHO","ANTONIO BALHMANN","ANTONIO BALHMANN CARDOSO NUNES FILHO",0,TRUE
"324","JOSE SARAIVA FELIPE","SARAIVA FELIPE","JOSE SARAIVA FELIPE",0,TRUE
"325","JORGE DOS REIS PINHEIRO","JORGE PINHEIRO","JORGE DOS REIS PINHEIRO",0,TRUE
"326","ANTONIO CARLOS CHAMARIZ RAMOS","ANTONIO CARLOS CHAMARIZ","ANTONIO CARLOS RAMOS",9,FALSE
"327","CARLOS ORLEANS BRANDAO JUNIOR","CARLOS BRANDÃO","CARLOS ORLEANS BRANDAO JUNIOR",0,TRUE
"328","BONIFACIO JOSE TAMM DE ANDRADA","BONIFÁCIO DE ANDRADA","BONIFACIO JOSE TAMM DE ANDRADA",0,TRUE
"329","MARCOS ANTONIO PEREIRA","Marcos Pereira","MARCOS ANTONIO PEREIRA",0,TRUE
"330","ODILIO BALBINOTTI","ODÍLIO BALBINOTTI","ODILIO BALBINOTTI",0,TRUE
"331","FERNANDO PAULO NAGLE GABEIRA","FERNANDO GABEIRA","FERNANDO PAULO NAGLE GABEIRA",0,TRUE
"332","MARCO AURELIO UBIALI","DR. UBIALI","MARCO AURELIO UBIALI",0,TRUE
"333","ADERMIS MARINI JUNIOR","ADÉRMIS MARINI","ADERMIS MARINI JUNIOR",0,TRUE
"334","JOSE ABILIO SILVA DE SANTANA","Abílio Santana","JOSE ABILIO SILVA DE SANTANA",0,TRUE
"335","MARCOS ROBERIO RIBEIRO MONTEIRO","Robério Monteiro","MARCOS ROBERIO RIBEIRO MONTEIRO",0,TRUE
"336","MARCOS DA ROCHA MENDES","MARQUINHO MENDES","MARCOS DA ROCHA MENDES",0,TRUE
"337","ROSANGELA DE SOUZA GOMES","Rosangela Gomes","ROSANGELA DE SOUZA GOMES",0,TRUE
"338","JOAO HENRIQUE HOLANDA CALDAS","Jhc","JOAO HENRIQUE HOLANDA  CALDAS",1,TRUE
"339","JOSE MENDONCA BEZERRA FILHO","MENDONÇA FILHO","JOSE MENDONCA BEZERRA FILHO",0,TRUE
"340","MAURO PEREIRA","MAURO PEREIRA","MAURO PEREIRA",0,TRUE
"341","JOAO ALBERTO FRAGA SILVA","ALBERTO FRAGA","JOAO ALBERTO FRAGA SILVA",0,TRUE
"342","LUIZ PHILIPPE DE ORLEANS E BRAGANCA","Luiz Philippe de Orleans e Bragança","LUIZ PHILIPPE DE ORLEANS BRAGANCA",2,TRUE
"343","EDNACE ALVES SILVESTRE HENRIQUE","Edna Henrique","EDNACE ALVES SILVESTRE HENRIQUE",0,TRUE
"344","EDMAR BATISTA MOREIRA","EDMAR MOREIRA","EDMAR BATISTA MOREIRA",0,TRUE
"345","RUBENS MOREIRA MENDES FILHO","MOREIRA MENDES","RUBENS MOREIRA MENDES FILHO",0,TRUE
"346","WALTER DA ROCHA TOSTA","WALTER TOSTA","WALTER DA ROCHA TOSTA",0,TRUE
"347","ITAMAR DE PAIVA ROCHA","ITAMAR ROCHA","ITAMAR DE PAIVA ROCHA",0,TRUE
"348","JOSE RENAN VASCONCELOS CALHEIROS FILHO","RENAN FILHO","JOSE RENAN VASCONCELOS CALHEIROS FILHO",0,TRUE
"349","DENILSON FRANCISCO TEIXEIRA","DENILSON TEIXEIRA","DENILSON FRANCISCO TEIXEIRA",0,TRUE
"350","MARCIO LUIZ ALVINO DE SOUZA","Marcio Alvino","MARCIO LUIZ ALVINO DE SOUZA",0,TRUE
"351","VALDIR COLATTO","VALDIR COLATTO","VALDIR COLATTO",0,TRUE
"352","NEILTON MULIM DA COSTA","NEILTON MULIM","NEILTON MULIM DA COSTA",0,TRUE
"353","JORGE DE FARIA MALULY","JORGINHO MALULY","JORGE DE FARIA MALULY",0,TRUE
"354","JOSE MENTOR GUILHERME DE MELLO NETTO","JOSÉ MENTOR","JOSE MENTOR GUILHERME DE MELLO NETTO",0,TRUE
"355","ALEXANDRE SILVEIRA DE OLIVEIRA","ALEXANDRE SILVEIRA","ALEXANDRE SILVEIRA DE OLIVEIRA",0,TRUE
"356","ALEXANDRE RUBIO ROSO","ALEXANDRE ROSO","ALEXANDRE RUBIO ROSO",0,TRUE
"357","CARLOS VICTOR GUTERRES MENDES","VICTOR MENDES","CARLOS VICTOR GUTERRES MENDES",0,TRUE
"358","ANA ISABEL MESQUITA DE OLIVEIRA","BEL MESQUITA","ANA ISABEL MESQUITA DE OLIVEIRA",0,TRUE
"359","GIUSEPPE VECCI","GIUSEPPE VECCI","GIUSEPPE VECCI",0,TRUE
"360","COLBERT MARTINS DA SILVA FILHO","COLBERT MARTINS","COLBERT MARTINS DA SILVA FILHO",0,TRUE
"361","MAURICIO LUITGARDS MOURA DE ALMEIDA SILVA","MAURÍCIO ALMEIDA","MAURICIO LUITGARDS MOURA DE ALMEIDA SILVA",0,TRUE
"362","EZEQUIEL ANGELO FONSECA","EZEQUIEL FONSECA","EZEQUIEL ANGELO FONSECA",0,TRUE
"363","JOAO EDUARDO DADO LEITE DE CARVALHO","JOÃO DADO","JOAO EDUARDO DADO LEITE DE CARVALHO",0,TRUE
"364","ALEXANDRE AUGUSTUS SERFIOTIS","Alexandre Serfiotis","ALEXANDRE AUGUSTUS SERFIOTIS",0,TRUE
"365","PAULO CELSO FONSECA MARINHO JUNIOR","Paulo Marinho Jr","PAULO CELSO FONSECA MARINHO JUNIOR",0,TRUE
"366","CAJAR ONESIMO RIBEIRO NARDES","CAJAR NARDES","CAJAR ONESIMO RIBEIRO NARDES",0,TRUE
"367","MANOEL SALVIANO SOBRINHO","MANOEL SALVIANO","MANOEL SALVIANO SOBRINHO",0,TRUE
"368","VINICIUS MEDEIROS FARAH","Vinicius Farah","VINICIUS MEDEIROS FARAH",0,TRUE
"369","NILTO IGNACIO TATTO","Nilto Tatto","NILTO IGNACIO TATTO",0,TRUE
"370","FRANCISCO VIEIRA SAMPAIO","CHICO DAS VERDURAS","FRANCISCO VIEIRA SAMPAIO",0,TRUE
"371","LOURIVAL GOMES DE ALMEIDA","Lourival Gomes","LOURIVAL GOMES DE ALMEIDA",0,TRUE
"372","GLADSON DE LIMA CAMELI","GLADSON CAMELI","GLADSON DE LIMA CAMELI",0,TRUE
"373","WASHINGTON STECANELA CERQUEIRA","WASHINGTON CORAÇÃO VALENTE","WASHINGTON STECANELA CERQUEIRA",0,TRUE
"374","ROBERTO ALVES DE LUCENA","Roberto de Lucena","ROBERTO ALVES DE LUCENA",0,TRUE
"375","FRANCISCO DE ASSIS RODRIGUES","FRANCISCO RODRIGUES","FRANCISCO DE ASSIS RODRIGUES",0,TRUE
"376","LAFAYETTE LUIZ DOORGAL DE ANDRADA","Lafayette de Andrada","LAFAYETTE LUIZ DOORGAL DE ANDRADA",0,TRUE
"377","DANIEL COSTA DE FREITAS","Daniel Freitas","DANIEL COSTA DE FREITAS",0,TRUE
"378","JOAO RODRIGUES","JOÃO RODRIGUES","JOAO RODRIGUES",0,TRUE
"379","VINICIUS DE AZEVEDO GURGEL","Vinicius Gurgel","VINICIUS DE AZEVEDO GURGEL",0,TRUE
"380","JURANDIL DOS SANTOS JUAREZ","JURANDIL JUAREZ","JURANDIL DOS SANTOS JUAREZ",0,TRUE
"381","CARLAILE JESUS PEDROSA","CARLAILE PEDROSA","CARLAILE JESUS PEDROSA",0,TRUE
"382","ELCIONE THEREZINHA ZAHLUTH BARBALHO","Elcione Barbalho","ELCIONE THEREZINHA ZAHLUTH BARBALHO",0,TRUE
"383","JADER FONTENELLE BARBALHO","JADER BARBALHO","JADER FONTENELLE BARBALHO",0,TRUE
"384","GREYCE DE QUEIROZ ELIAS","Greyce Elias","GREYCE DE QUEIROZ ELIAS",0,TRUE
"385","JOAO BATISTA MATOS","JOÃO MATOS","JOAO BATISTA MATOS",0,TRUE
"386","PABLO OLIVA SOUZA","Delegado Pablo","PABLO OLIVA SOUZA",0,TRUE
"387","SETIMO WAQUIM","PROFESSOR SETIMO","SETIMO WAQUIM",0,TRUE
"388","ABELARDO LUIZ LUPION MELLO","ABELARDO LUPION","ABELARDO LUIZ LUPION MELLO",0,TRUE
"389","MARCOS GUIMARAES DE CERQUEIRA LIMA","MARCOS LIMA","MARCOS GUIMARAES DE CERQUEIRA LIMA",0,TRUE
"390","MARCELO SQUASSONI","MARCELO SQUASSONI","MARCELO SQUASSONI",0,TRUE
"391","DIEGO LEONARDO DE ANDRADE CARVALHO","Diego Andrade","DIEGO LEONARDO DE ANDRADE CARVALHO",0,TRUE
"392","FRANCISCO ROSSI DE ALMEIDA","FRANCISCO ROSSI","FRANCISCO ROSSI DE ALMEIDA",0,TRUE
"393","JOSE SEVERIANO CHAVES","JOSÉ CHAVES","JOSE SEVERIANO CHAVES",0,TRUE
"394","RICARDO ANTONIO BUAINAIN DIAS","RICARDO BENTINHO","RICARDO ANTONIO BUAINAIN DIAS",0,TRUE
"395","MASAMI MIKI","MASSAMI MIKI","MASSAMI MIKI",1,TRUE
"396","MARA CRISTINA GABRILLI","MARA GABRILLI","MARA CRISTINA GABRILLI",0,TRUE
"397","JOSE BENITO PRIANTE JUNIOR","José Priante","JOSE BENITO PRIANTE JUNIOR",0,TRUE
"398","HILDO AUGUSTO DA ROCHA NETO","Hildo Rocha","HILDO AUGUSTO DA ROCHA NETO",0,TRUE
"399","GERVASIO AGRIPINO MAIA","Gervásio Maia","GERVASIO AGRIPINO MAIA",0,TRUE
"400","JOSE PINTO DE LUNA","PINTO DE LUNA","JOSE PINTO DE LUNA",0,TRUE
"401","DANI AJBESZYC","JUNJI ABE","JUNJI ABE",10,FALSE
"402","VITOR PEREIRA VALIM","VITOR VALIM","VITOR PEREIRA VALIM",0,TRUE
"403","LUIZ EDUARDO CARNEIRO DA SILVA DE SOUZA LIMA","Luiz Lima","LUIZ EDUARDO CARNEIRO DA SILVA DE SOUZA LIMA",0,TRUE
"404","ALEXANDRE BALDY DE SANT ANNA BRAGA","ALEXANDRE BALDY","ALEXANDRE BALDY DE SANT'ANNA BRAGA",2,TRUE
"405","REGIS FERNANDES DE OLIVEIRA","RÉGIS DE OLIVEIRA","REGIS DE OLIVEIRA",10,FALSE
"406","BRUNO CAMPELO RODRIGUES DE SOUZA","BRUNO RODRIGUES","BRUNO CAMPELO RODRIGUES DE SOUZA",0,TRUE
"407","RICARDO CEPPAS ARCHER","RICARDO ARCHER","RICARDO CEPPAS ARCHER",0,TRUE
"408","GENECIAS MATEUS NORONHA","Genecias Noronha","GENECIAS MATEUS NORONHA",0,TRUE
"409","JOSE EDUARDO PEREIRA DA COSTA","Eduardo Costa","JOSE EDUARDO PEREIRA DA COSTA",0,TRUE
"410","MANOEL ALVES DA SILVA JUNIOR","MANOEL JUNIOR","MANOEL ALVES DA SILVA JUNIOR",0,TRUE
"411","INOCENCIO GOMES DE OLIVEIRA","INOCÊNCIO OLIVEIRA","INOCENCIO GOMES DE OLIVEIRA",0,TRUE
"412","ERONILDO BRAGA BEZERRA","ERON BEZERRA","ERONILDO BRAGA BEZERRA",0,TRUE
"413","JOSE CARLOS VERAS DOS SANTOS","Carlos Veras","JOSE CARLOS VERAS DOS SANTOS",0,TRUE
"414","LAUREZ DA ROCHA MOREIRA","LAUREZ MOREIRA","LAUREZ DA ROCHA MOREIRA",0,TRUE
"415","REMIDIO MONAI MONTESSI","REMÍDIO MONAI","REMIDIO MONAI MONTESSI",0,TRUE
"416","RENATA HELLMEISTER DE ABREU","Renata Abreu","RENATA HELLMEISTER DE ABREU",0,TRUE
"417","ANTONIO JOSE CASTELO BRANCO MEDEIROS","ANTONIO JOSÉ MEDEIROS","ANTONIO JOSE CASTELO BRANCO MEDEIROS",0,TRUE
"418","JOSE LEONARDO COSTA MONTEIRO","Leonardo Monteiro","JOSE LEONARDO COSTA MONTEIRO",0,TRUE
"419","REBECCA MARTINS GARCIA","REBECCA GARCIA","REBECCA MARTINS GARCIA",0,TRUE
"420","MARCELO DE OLIVEIRA GUIMARAES FILHO","MARCELO GUIMARÃES FILHO","MARCELO DE OLIVEIRA GUIMARAES FILHO",0,TRUE
"421","ATILA FREITAS LIRA","Átila Lira","ATILA FREITAS LIRA",0,TRUE
"422","JOAO INACIO RIBEIRO ROMA NETO","João Roma","JOAO INACIO RIBEIRO ROMA NETO",0,TRUE
"423","SOLANGE PEREIRA DE ALMEIDA","SOLANGE ALMEIDA","SOLANGE PEREIRA DE ALMEIDA",0,TRUE
"424","CLEUZA PEREIRA DO NASCIMENTO","CREUZA PEREIRA","CLEUZA PEREIRA DO NASCIMENTO",0,TRUE
"425","MOSES HAENDEL MELO RODRIGUES","Moses Rodrigues","MOSES HAENDEL MELO RODRIGUES",0,TRUE
"426","SILVIO SERAFIM COSTA FILHO","Silvio Costa Filho","SILVIO SERAFIM COSTA FILHO",0,TRUE
"427","MARLLOS ROSSANO RIBEIRO GONCALVES DE SAMPAIO","MARLLOS SAMPAIO","MARLLOS ROSSANO RIBEIRO GONCALVES DE SAMPAIO",0,TRUE
"428","HUGO LEAL MELO DA SILVA","Hugo Leal","HUGO LEAL MELO DA SILVA",0,TRUE
"429","FERNANDO BORJA PINTO","Fernando Borja","FERNANDO BORJA PINTO",0,TRUE
"430","JOAO FRANCISCO INACIO BRAZAO","Chiquinho Brazão","JOAO FRANCISCO INACIO BRAZAO",0,TRUE
"431","FRANCISCO OCTAVIO BECKERT","CHICO DA PRINCESA","FRANCISCO OCTAVIO BECKERT",0,TRUE
"432","DIMAS FABIANO TOLEDO JUNIOR","Dimas Fabiano","DIMAS FABIANO TOLEDO JUNIOR",0,TRUE
"433","SANDRO ALEX CRUZ DE OLIVEIRA","Sandro Alex","SANDRO ALEX CRUZ DE OLIVEIRA",0,TRUE
"434","FRANCISCO DE ASSIS NUNES","FRANCISCO DE ASSIS","FRANCISCO DE ASSIS NUNES",0,TRUE
"435","PAULO ROBERTO BAUER","PAULO BAUER","PAULO ROBERTO BAUER",0,TRUE
"436","ACELINO FREITAS","ACELINO POPÓ","ACELINO FREITAS",0,TRUE
"437","NELSON GOETTEN DE LIMA","NELSON GOETTEN","NELSON GOETTEN DE LIMA",0,TRUE
"438","EDSON MARIN","ROBSON TUMA","ROBSON TUMA",10,FALSE
"439","MARCO ANTONIO FELICIANO","Pr. Marco Feliciano","MARCO ANTONIO FELICIANO",0,TRUE
"440","GERALDO TENUTA FILHO","BISPO GÊ TENUTA","GERALDO TENUTA FILHO",0,TRUE
"441","WILLIAM BOSS WOO","WILLIAM WOO","WILLIAM BOSS WOO",0,TRUE
"442","WILSON LEITE BRAGA","WILSON BRAGA","WILSON LEITE BRAGA",0,TRUE
"443","JOAO FERNANDO PONTUAL COUTINHO","JOÃO FERNANDO COUTINHO","JOAO FERNANDO PONTUAL COUTINHO",0,TRUE
"444","MAURO RIBEIRO LOPES","Mauro Lopes","MAURO RIBEIRO LOPES",0,TRUE
"445","FLAVIA CAROLINA PERES","Flávia Arruda","FLAVIA CAROLINA PERES",0,TRUE
"446","ROBERTO SOARES PESSOA","Roberto Pessoa","ROBERTO SOARES PESSOA",0,TRUE
"447","ROGERIO TEIXEIRA JUNIOR","Juninho do Pneu","ROGERIO TEIXEIRA JUNIOR",0,TRUE
"448","FERNANDO DANTAS TORRES","FERNANDO TORRES","FERNANDO JOSE TORRES",8,FALSE
"449","FERNANDO DANTAS TORRES","FERNANDO TORRES","FERNANDO DANTAS TORRES",0,TRUE
"450","LAUDIVIO ALVARENGA CARVALHO","LAUDIVIO CARVALHO","LAUDIVIO ALVARENGA CARVALHO",0,TRUE
"451","ANTONIO ROBERTO SOARES","ANTÔNIO ROBERTO","ANTONIO ROBERTO SOARES",0,TRUE
"452","DEOCLIDES ANTONIO SANTOS NETO MACEDO","DEOCLIDES MACEDO","DEOCLIDES ANTONIO SANTOS NETO MACEDO",0,TRUE
"453","JOSE CARLOS VIEIRA","JOSÉ CARLOS VIEIRA","JOSE CARLOS VIEIRA",0,TRUE
"454","JESUS RODRIGUES ALVES","JESUS RODRIGUES","JESUS RODRIGUES ALVES",0,TRUE
"455","LUIZ GIONILSON PINHEIRO BORGES","CABUÇU BORGES","LUIZ GIONILSON PINHEIRO BORGES",0,TRUE
"456","ALEXANDRE AGUIAR CARDOSO","ALEXANDRE CARDOSO","ALEXANDRE AGUIAR CARDOSO",0,TRUE
"457","ANDRE PEIXOTO FIGUEIREDO LIMA","André Figueiredo","ANDRE PEIXOTO FIGUEIREDO LIMA",0,TRUE
"458","EUGENIO RABELO","EUGÊNIO RABELO","EUGENIO RABELO",0,TRUE
"459","JOSE SARNEY FILHO","SARNEY FILHO","JOSE SARNEY FILHO",0,TRUE
"460","SEBASTIAO SIBA MACHADO OLIVEIRA","SIBÁ MACHADO","SEBASTIAO SIBA MACHADO OLIVEIRA",0,TRUE
"461","FRANCISCO DANILO BASTOS FORTE","Danilo Forte","FRANCISCO DANILO BASTOS FORTE",0,TRUE
"462","ALEX CANZIANI SILVEIRA","ALEX CANZIANI","ALEX CANZIANI SILVEIRA",0,TRUE
"463","FABIO FERNANDES DE SOUSA","FÁBIO SOUSA","FABIO FERNANDES DE SOUSA",0,TRUE
"464","PAULO RENATO COSTA SOUZA","PAULO RENATO SOUZA","PAULO RENATO COSTA SOUZA",0,TRUE
"465","MICHEL MIGUEL ELIAS TEMER LULIA","MICHEL TEMER","MICHEL MIGUEL ELIAS TEMER LULIA",0,TRUE
"466","JOSE FRANCISCO CERQUEIRA TENORIO","FRANCISCO TENÓRIO","JOSE FRANCISCO CERQUEIRA TENORIO",0,TRUE
"467","JOSE EDMAR DE CASTRO CORDEIRO","JOSÉ EDMAR","JOSE EDMAR DE CASTRO CORDEIRO",0,TRUE
"468","ALCENI ANGELO GUERRA","ALCENI GUERRA","ALCENI ANGELO GUERRA",0,TRUE
"469","LUIZ FERNANDO RAMOS FARIA","LUIZ FERNANDO FARIA","LUIZ FERNANDO RAMOS FARIA",0,TRUE
"470","ILDON MARQUES DE SOUZA","ILDON MARQUES","ILDON MARQUES DE SOUZA",0,TRUE
"471","ROBERTO COELHO ROCHA","ROBERTO ROCHA","ROBERTO COELHO ROCHA",0,TRUE
"472","LUIZ GONZAGA RIBEIRO","Subtenente Gonzaga","LUIZ GONZAGA RIBEIRO",0,TRUE
"473","JOSE DE FILIPPI JUNIOR","JOSÉ DE FILIPPI","JOSE DE FILIPPI JUNIOR",0,TRUE
"474","JOSE HELENO DA SILVA","HELENO SILVA","JOSE HELENO DA SILVA",0,TRUE
"475","ALMIR MORAIS SA","SÁ","ALMIR MORAIS SA",0,TRUE
"476","JOSE ALBERTO FOGACA DE MEDEIROS","JOSÉ FOGAÇA","JOSE ALBERTO FOGACA DE MEDEIROS",0,TRUE
"477","FLAVIO DINO DE CASTRO E COSTA","FLÁVIO DINO","FLAVIO DINO DE CASTRO E COSTA",0,TRUE
"478","JAQUELINE MARIA RORIZ","JAQUELINE RORIZ","JAQUELINE MARIA RORIZ",0,TRUE
"479","OTTO ROBERTO MENDONCA DE ALENCAR FILHO","Otto Alencar Filho","OTTO ROBERTO MENDONCA DE ALENCAR FILHO",0,TRUE
"480","CELSO ALENCAR RAMOS JACOB","CELSO JACOB","CELSO ALENCAR RAMOS JACOB",0,TRUE
"481","ANTONIO GOULART DOS REIS","GOULART","ANTONIO GOULART DOS REIS",0,TRUE
"482","ENIO JOSE VERRI","Enio Verri","ENIO JOSE VERRI",0,TRUE
"483","JOENIA BATISTA DE CARVALHO","Joenia Wapichana","JOENIA BATISTA DE CARVALHO",0,TRUE
"484","AUDIFAX CHARLES PIMENTEL BARCELOS","AUDIFAX","AUDIFAX CHARLES PIMENTEL BARCELOS",0,TRUE
"485","JONAS DONIZETTE FERREIRA","JONAS DONIZETTE","JONAS DONIZETTE FERREIRA",0,TRUE
"486","BENITO DA GAMA SANTOS","BENITO GAMA","BENITO DA GAMA SANTOS",0,TRUE
"487","DENIS ANDERSON DA ROCHA BEZERRA","Denis Bezerra","DENIS ANDERSON DA ROCHA BEZERRA",0,TRUE
"488","ERNANDES SANTOS AMORIM","ERNANDES AMORIM","ERNANDES SANTOS AMORIM",0,TRUE
"489","ELIZEU DIONIZIO SOUZA DA SILVA","ELIZEU DIONIZIO","ELIZEU DIONIZIO SOUZA  DA SILVA",1,TRUE
"490","VITAL DO REGO FILHO","VITAL DO REGO FILHO","VITAL DO REGO FILHO",0,TRUE
"491","MAURO MARIANI","MAURO MARIANI","MAURO MARIANI",0,TRUE
"492","CHARLLES THOMACELLI EVANGELISTA","Charlles Evangelista","CHARLLES THOMACELLI EVANGELISTA",0,TRUE
"493","HERACLITO DE SOUSA FORTES","HERÁCLITO FORTES","HERACLITO DE SOUSA FORTES",0,TRUE
"494","ARTHUR CESAR PEREIRA DE LIRA","Arthur Lira","ARTHUR CESAR PEREIRA DE LIRA",0,TRUE
"495","JOSE AIRTON FELIX CIRILO DA SILVA","José Airton Félix Cirilo","JOSE AIRTON FELIX CIRILO DA SILVA",0,TRUE
"496","GERSON DOS SANTOS PERES","GERSON PERES","GERSON DOS SANTOS PERES",0,TRUE
"497","JORGE WICKS CORTE REAL","JORGE CÔRTE REAL","JORGE WICKS CORTE REAL",0,TRUE
"498","JERONIMO DE OLIVEIRA REIS","JERONIMO REIS","JERONIMO REIS",12,FALSE
"499","ROBERTO SALAME FILHO","BETO SALAME","ROBERTO SALAME FILHO",0,TRUE
"500","FABIO PAULINO GARCIA","FABIO GARCIA","FABIO PAULINO GARCIA",0,TRUE
"501","RONALDO SOARES","ARNALDO FARIA DE SÁ","ARNALDO FARIA DE SA",11,FALSE
"502","WALTER PEREIRA ALVES","Walter Alves","WALTER PEREIRA ALVES",0,TRUE
"503","CARLOS ALBERTO CHIODINI","Carlos Chiodini","CARLOS ALBERTO CHIODINI",0,TRUE
"504","HUGO NAPOLEAO DO REGO NETO","HUGO NAPOLEÃO","HUGO  NAPOLEAO DO REGO",6,TRUE
"505","HUGO NAPOLEAO DO REGO NETO","HUGO NAPOLEÃO","HUGO NAPOLEAO DO REGO NETO",0,TRUE
"506","BRUNO COVAS LOPES","BRUNO COVAS","BRUNO COVAS LOPES",0,TRUE
"507","ANTONIO ROBERTO RODRIGUES GOES DA SILVA","ROBERTO GÓES","ANTONIO ROBERTO RODRIGUES GOES DA SILVA",0,TRUE
"508","CELIA MARIA BARBOSA ROCHA","CELIA ROCHA","CELIA MARIA BARBOSA ROCHA",0,TRUE
"509","ALEXANDRE FROTA DE ANDRADE","Alexandre Frota","ALEXANDRE FROTA DE ANDRADE",0,TRUE
"510","SILAS CAMARA","Silas Câmara","SILAS CAMARA",0,TRUE
"511","BENJAMIN GOMES MARANHAO NETO","BENJAMIN MARANHÃO","BENJAMIN GOMES MARANHAO NETO",0,TRUE
"512","MARCO AURELIO SPALL MAIA","MARCO MAIA","MARCO AURELIO SPALL MAIA",0,TRUE
"513","SERGIO DE SOUZA","Sergio Souza","SERGIO DE SOUZA",0,TRUE
"514","RICARDO ZANATTA GUIDI","Ricardo Guidi","RICARDO ZANATTA GUIDI",0,TRUE
"515","ILDERLEI SOUZA RODRIGUES CORDEIRO","ILDERLEI CORDEIRO","ILDERLEI SOUZA RODRIGUES CORDEIRO",0,TRUE
"516","VITOR PENIDO DE BARROS","VITOR PENIDO","VITOR PENIDO DE BARROS",0,TRUE
"517","JOSE VALDEVAN DE JESUS SANTOS","Valdevan Noventa","JOSE VALDEVAN DE JESUS SANTOS",0,TRUE
"518","VILMAR DA SILVA ROCHA","VILMAR ROCHA","VILMAR DA SILVA ROCHA",0,TRUE
"519","HUMBERTO GUIMARAES SOUTO","HUMBERTO SOUTO","HUMBERTO GUIMARAES SOUTO",0,TRUE
"520","PAULO PIAU NOGUEIRA","PAULO PIAU","PAULO PIAU NOGUEIRA",0,TRUE
"521","TEREZA NELMA DA SILVA PORTO VIANA SOARES","Tereza Nelma","TEREZA NELMA DA SILVA PORTO VIANA SOARES",0,TRUE
"522","PAULO PEREIRA DA SILVA","Paulo Pereira da Silva","PAULO PEREIRA DA SILVA",0,TRUE
"523","DANIEL ELIAS CARVALHO VILELA","DANIEL VILELA","DANIEL ELIAS CARVALHO VILELA",0,TRUE
"524","RAIMUNDO VALRY DE MORAIS","VALRY MORAIS","RAIMUNDO VALRY DE MORAIS",0,TRUE
"525","LUCIANA DE ALMEIDA COSTA","LUCIANA COSTA","LUCIANA DE ALMEIDA COSTA",0,TRUE
"526","HELDER IGNACIO SALOMAO","Helder Salomão","HELDER IGNACIO SALOMAO",0,TRUE
"527","ATILA ALEXANDRE NUNES PEREIRA","ÁTILA A. NUNES","ATILA ALEXANDRE NUNES PEREIRA",0,TRUE
"528","JOSE DE RIBAMAR COSTA ALVES","RIBAMAR ALVES","JOSE DE RIBAMAR COSTA ALVES",0,TRUE
"529","AIRTON BERNARDO ROVEDA","AIRTON ROVEDA","AIRTON BERNARDO ROVEDA",0,TRUE
"530","RAIMUNDO ANTONIO DE MACEDO","RAIMUNDÃO","RAIMUNDO ANTONIO DE MACEDO",0,TRUE
"531","NERI GELLER","Neri Geller","NERI GELLER",0,TRUE
"532","LUIZ AUGUSTO CARVALHO RIBEIRO FILHO","Gustinho Ribeiro","LUIZ AUGUSTO CARVALHO RIBEIRO FILHO",0,TRUE
"533","GIVALDO VIEIRA DA SILVA","GIVALDO VIEIRA","GIVALDO VIEIRA DA SILVA",0,TRUE
"534","FRANCISCO MARCELO ORTIZ FILHO","MARCELO ORTIZ","FRANCISCO MARCELO ORTIZ FILHO",0,TRUE
"535","FERNANDO BARRANCOS CHUCRE","FERNANDO CHUCRE","FERNANDO BARRANCOS CHUCRE",0,TRUE
"536","VICENTE PAULO DA SILVA","Vicentinho","VICENTE PAULO DA SILVA",0,TRUE
"537","RAIMUNDO MAGALHAES COSTA","Raimundo Costa","RAIMUNDO MAGALHAES COSTA",0,TRUE
"538","SEBASTIAO FERREIRA DA ROCHA","SEBASTIÃO BALA ROCHA","SEBASTIAO FERREIRA DA ROCHA",0,TRUE
"539","ELIANE PONTES ROLIM","ELIANE ROLIM","ELIANE PONTES ROLIM",0,TRUE
"540","EDUARDO SALIM BRAIDE","Eduardo Braide","EDUARDO SALIM BRAIDE",0,TRUE
"541","CARLOS ALBERTO MOREIRA DE MENDONCA CANUTO","CARLOS ALBERTO CANUTO","CARLOS ALBERTO MOREIRA DE MENDONCA CANUTO",0,TRUE
"542","OZANILDA GONDIM VITAL DO REGO","NILDA GONDIM","OZANILDA GONDIM VITAL DO REGO",0,TRUE
"543","GEORGE HILTON DOS SANTOS CECILIO","GEORGE HILTON","GEORGE HILTON DOS SANTOS CECILIO",0,TRUE
"544","JOAQUIM BELTRAO SIQUEIRA","JOAQUIM BELTRÃO","JOAQUIM BELTRAO SIQUEIRA",0,TRUE
"545","JOAO JOSE DE ARRUDA JUNIOR","JOÃO ARRUDA","JOAO JOSE DE ARRUDA JUNIOR",0,TRUE
"546","PEDRO RIBEIRO FILHO","PASTOR PEDRO RIBEIRO","PEDRO RIBEIRO FILHO",0,TRUE
"547","LUCAS DE VASCONCELOS GONZALEZ","Lucas Gonzalez","LUCAS DE VASCONCELOS GONZALEZ",0,TRUE
"548","AFONSO ANTUNES DA MOTTA","Afonso Motta","AFONSO ANTUNES DA MOTTA",0,TRUE
"549","FELIX DE ALMEIDA MENDONCA","FÉLIX MENDONÇA","FELIX DE ALMEIDA MENDONCA",0,TRUE
"550","LEONARDO CARNEIRO MONTEIRO PICCIANI","LEONARDO PICCIANI","LEONARDO CARNEIRO MONTEIRO PICCIANI",0,TRUE
"551","HISSA NAGIB ABRAHAO FILHO","HISSA ABRAHÃO","HISSA NAGIB ABRAHAO FILHO",0,TRUE
"552","PEDRO FERNANDES RIBEIRO","PEDRO FERNANDES","PEDRO FERNANDES RIBEIRO",0,TRUE
"553","EDMAR DE SOUZA ARRUDA","EDMAR ARRUDA","EDMAR DE SOUZA ARRUDA",0,TRUE
"554","RAIMUNDO GOMES DE MATOS","RAIMUNDO GOMES DE MATOS","RAIMUNDO GOMES DE MATOS",0,TRUE
"555","PAULO SALIM MALUF","PAULO MALUF","PAULO SALIM MALUF",0,TRUE
"556","CARLOS FELIPE VAZQUEZ DE SOUZA LEAO","Cacá Leão","CARLOS FELIPE VAZQUEZ DE SOUZA LEAO",0,TRUE
"557","EDUARDO LUIZ BARROS BARBOSA","Eduardo Barbosa","EDUARDO LUIZ BARROS BARBOSA",0,TRUE
"558","HIRAN MANUEL GONCALVES DA SILVA","Hiran Gonçalves","HIRAN MANUEL GONCALVES DA SILVA",0,TRUE
"559","MARCIO LUIZ FRANCA GOMES","MÁRCIO FRANÇA","MARCIO LUIZ FRANCA GOMES",0,TRUE
"560","JULIO CESAR DE CARVALHO LIMA","Júlio Cesar","JULIO CESAR DE CARVALHO LIMA",0,TRUE
"561","LUZIA MARIA FERREIRA","LUZIA FERREIRA","LUZIA MARIA FERREIRA",0,TRUE
"562","HELCIO ANTONIO DA SILVA","HELCIO SILVA","HELCIO ANTONIO DA SILVA",0,TRUE
"563","JOAO BOSCO DA COSTA","Bosco Costa","JOAO BOSCO DA COSTA",0,TRUE
"564","GELSON DE AZEVEDO ALMEIDA","Gelson Azevedo","GELSON DE AZEVEDO ALMEIDA",0,TRUE
"565","ROSILDA DE FREITAS","ROSE DE FREITAS","ROSILDA DE FREITAS",0,TRUE
"566","JOSE NOBRE GUIMARAES","José Guimarães","JOSE NOBRE GUIMARAES",0,TRUE
"567","RAIMUNDO SABINO CASTELO BRANCO MAUES","SABINO CASTELO BRANCO","RAIMUNDO SABINO CASTELO BRANCO MAUES",0,TRUE
"568","PAULO ABI ACKEL","Paulo Abi-Ackel","PAULO ABI-ACKEL",2,TRUE
"569","EDUARDO HENRIQUE MAIA BISMARCK","Eduardo Bismarck","EDUARDO HENRIQUE MAIA BISMARCK",0,TRUE
"570","CANDIDO ELPIDIO DE SOUZA VACCAREZZA","CÂNDIDO VACCAREZZA","CANDIDO ELPIDIO DE SOUZA VACCAREZZA",0,TRUE
"571","ELMAR JOSE VIEIRA NASCIMENTO","Elmar Nascimento","ELMAR JOSE VIEIRA NASCIMENTO",0,TRUE
"572","ANTONIO CESAR CORREIA FREIRE","Cezinha de Madureira","ANTONIO CEZAR CORREIA FREIRE",2,TRUE
"573","PEDRO FRANCISCO UCZAI","Pedro Uczai","PEDRO FRANCISCO UCZAI",0,TRUE
"574","PAULO SERGIO ABOU ANNI","Abou Anni","PAULO SERGIO ABOU ANNI",0,TRUE
"575","LUIS ACACIO DE SOUSA JUNIOR","ACÁCIO JÚNIOR","LUIS ACACIO SOUSA JUNIOR",3,TRUE
"576","ANTHONY WILLIAM GAROTINHO MATHEUS DE OLIVEIRA","ANTHONY GAROTINHO","ANTHONY WILLIAM GAROTINHO MATHEUS DE OLIVEIRA",0,TRUE
"577","JOAO BOSCO GOMES SARAIVA","Bosco Saraiva","JOAO BOSCO GOMES SARAIVA",0,TRUE
"578","REINALDO NOGUEIRA LOPES CRUZ","REINALDO NOGUEIRA","REINALDO NOGUEIRA LOPES CRUZ",0,TRUE
"579","ANTONIO JOSE AGUIAR ALBUQUERQUE","AJ Albuquerque","ANTONIO JOSE AGUIAR ALBUQUERQUE",0,TRUE
"580","TEREZA CRISTINA CORREA DA COSTA DIAS","Tereza Cristina","TEREZA CRISTINA CORREA DA COSTA DIAS",0,TRUE
"581","LUIZ ANTONIO DE SOUZA TEIXEIRA JUNIOR","Dr. Luiz Antonio Teixeira Jr.","LUIZ ANTONIO DE SOUZA TEIXEIRA JUNIOR",0,TRUE
"582","JOSE GERARDO OLIVEIRA DE ARRUDA FILHO","ZÉ GERARDO","JOSE GERARDO OLIVEIRA DE ARRUDA FILHO",0,TRUE
"583","DAVID MICHAEL DOS SANTOS MIRANDA","David Miranda","DAVID MICHAEL DOS SANTOS MIRANDA",0,TRUE
"584","STEFANO AGUIAR DOS SANTOS","Stefano Aguiar","STEFANO AGUIAR DOS SANTOS",0,TRUE
"585","JOSE DE ANDRADE MAIA FILHO","MAIA FILHO","JOSE DE ANDRADE MAIA FILHO",0,TRUE
"586","FRANCISCO EVANGELISTA DOS SANTOS DE ARAUJO","FRANCISCO ARAÚJO","FRANCISCO EVANGELISTA DOS SANTOS DE ARAUJO",0,TRUE
"587","RUI GOETHE DA COSTA FALCAO","Rui Falcão","RUI GOETHE DA COSTA FALCAO",0,TRUE
"588","EMERSON MIGUEL PETRIV","Boca Aberta","EMERSON MIGUEL PETRIV",0,TRUE
"589","EDMILSON BRITO RODRIGUES","Edmilson Rodrigues","EDMILSON BRITO RODRIGUES",0,TRUE
"590","JOSE NELTO LAGARES DAS MERCEZ","José Nelto","JOSE NELTO LAGARES DAS MERCEZ",0,TRUE
"591","FABIO LOUREIRO SOUTO","FÁBIO SOUTO","FABIO LOUREIRO SOUTO",0,TRUE
"592","JOAO DERLY DE OLIVEIRA NUNES JUNIOR","JOÃO DERLY","JOAO DERLY DE OLIVEIRA NUNES JUNIOR",0,TRUE
"593","GUILHERME MUSSI FERREIRA","Guilherme Mussi","GUILHERME MUSSI FERREIRA",0,TRUE
"594","GABRIEL GUIMARAES DE ANDRADE","GABRIEL GUIMARÃES","GABRIEL GUIMARAES DE ANDRADE",0,TRUE
"595","FREDERICO DE CASTRO ESCALEIRA","Dr. Frederico","FREDERICO DE CASTRO ESCALEIRA",0,TRUE
"596","ARNALDO FRANCA VIANNA","ARNALDO VIANNA","ARNALDO FRANCA VIANNA",0,TRUE
"597","PEDRO DOS SANTOS LIMA GUERRA","PEDRO GUERRA","PEDRO DOS SANTOS LIMA GUERRA",0,TRUE
"598","FERNANDO BEZERRA DE SOUZA COELHO FILHO","Fernando Coelho Filho","FERNANDO BEZERRA DE SOUZA COELHO FILHO",0,TRUE
"599","PAULO GABRIEL GODINHO DELGADO","PAULO DELGADO","PAULO GABRIEL GODINHO DELGADO",0,TRUE
"600","ZACARIAS VILHARBA","VILALBA","ZACARIAS VILHARBA",0,TRUE
"601","JOICE CRISTINA HASSELMANN","Joice Hasselmann","JOICE CRISTINA HASSELMANN",0,TRUE
"602","GILLIANO FRED NASCIMENTO CUTRIM","Gil Cutrim","GILLIANO FRED NASCIMENTO CUTRIM",0,TRUE
"603","HERCULANO CASTILHO PASSOS JUNIOR","Herculano Passos","HERCULANO CASTILHO PASSOS JUNIOR",0,TRUE
"604","CLARISSA GAROTINHO BARROS ASSED MATHEUS DE OLIVEIRA","Clarissa Garotinho","CLARISSA BARROS ASSED MATHEUS DE OLIVEIRA",10,FALSE
"605","UBIRAJARA DO PINDARE ALMEIDA SOUSA","Bira do Pindaré","UBIRAJARA DO PINDARE ALMEIDA SOUSA",0,TRUE
"606","ANTONIO WANDSCHEER","Toninho Wandscheer","ANTONIO WANDSCHEER",0,TRUE
"607","NELSON MARQUEZELLI","NELSON MARQUEZELLI","NELSON MARQUEZELLI",0,TRUE
"608","MARCOS ABRAO RORIZ SOARES DE CARVALHO","MARCOS ABRÃO","MARCOS ABRAO RORIZ SOARES DE CARVALHO",0,TRUE
"609","SERGIO TOLEDO DE ALBUQUERQUE","Sergio Toledo","SERGIO TOLEDO DE ALBUQUERQUE",0,TRUE
"610","ULDURICO ALVES PINTO","ULDURICO PINTO","ULDURICO ALVES PINTO",0,TRUE
"611","ROGERIO SIMONETTI MARINHO","ROGÉRIO MARINHO","ROGERIO SIMONETTI MARINHO",0,TRUE
"612","JOSE REINALDO CARNEIRO TAVARES","JOSÉ REINALDO","JOSE REINALDO CARNEIRO TAVARES",0,TRUE
"613","FRANKLIN ROBERTO DE LIMA SOUZA","FRANKLIN","FRANKLIN ROBERTO DE LIMA SOUZA",0,TRUE
"614","EDSON GIROTO","GIROTO","EDSON GIROTO",0,TRUE
"615","ANTONIO PALOCCI FILHO","ANTONIO PALOCCI","ANTONIO PALOCCI FILHO",0,TRUE
"616","IGOR TARCIANO TIMO","Igor Timo","IGOR TARCIANO TIMO",0,TRUE
"617","SANDRA MARIA DA ESCOSSIA ROSADO","SANDRA ROSADO","SANDRA MARIA DA ESCOSSIA ROSADO",0,TRUE
"618","HELIO LEITE DA SILVA","Hélio Leite","HELIO LEITE DA SILVA",0,TRUE
"619","RAYMUNDO VELOSO SILVA","VELOSO","RAYMUNDO VELOSO SILVA",0,TRUE
"620","ZENAIDE MAIA CALADO PEREIRA DOS SANTOS","ZENAIDE MAIA","ZENAIDE MAIA CALADO PEREIRA DOS SANTOS",0,TRUE
"621","ARMANDO ABILIO VIEIRA","ARMANDO ABÍLIO","ARMANDO ABILIO VIEIRA",0,TRUE
"622","EDMILSON JOSE VALENTIM DOS SANTOS","EDMILSON VALENTIM","EDMILSON JOSE VALENTIM DOS SANTOS",0,TRUE
"623","JULIO CESAR RIBEIRO","Julio Cesar Ribeiro","JULIO CESAR RIBEIRO",0,TRUE
"624","GIVALDO DE SA GOUVEIA CARIMBAO","GIVALDO CARIMBÃO","GIVALDO DE SA GOUVEIA",9,FALSE
"625","WLADIMIR BARROS ASSED MATHEUS DE OLIVEIRA","Wladimir Garotinho","WLADIMIR BARROS ASSED MATHEUS DE OLIVEIRA",0,TRUE
"626","RODRIGO COELHO","Rodrigo Coelho","RODRIGO COELHO",0,TRUE
"627","JOSE ORCIRIO MIRANDA DOS SANTOS","ZECA DO PT","JOSE ORCIRIO MIRANDA DOS SANTOS",0,TRUE
"628","JOSE CARLOS VAZ DE LIMA","VAZ DE LIMA","JOSE CARLOS VAZ DE LIMA",0,TRUE
"629","JOSE MENDONCA BEZERRA","JOSÉ MENDONÇA BEZERRA","JOSE MENDONCA BEZERRA",0,TRUE
"630","MARCONDES IRAN BENEVIDES GADELHA","MARCONDES GADELHA","MARCONDES IRAN BENEVIDES GADELHA",0,TRUE
"631","MARCIO ALMEIDA PASSOS","MARCIO PASSOS","MARCIO ALMEIDA PASSOS",0,TRUE
"632","EDILAZIO GOMES DA SILVA JUNIOR","Edilázio Júnior","EDILAZIO GOMES DA SILVA JUNIOR",0,TRUE
"633","MAX FERREIRA COUTO","DR. JOÃO","JOAO FERREIRA NETO",10,FALSE
"634","GLEISI HELENA HOFFMANN","Gleisi Hoffmann","GLEISI HELENA HOFFMANN",0,TRUE
"635","RONEY TANIOS NEMER","RÔNEY NEMER","RONEY TANIOS NEMER",0,TRUE
"636","ALESSANDRO LUCCIOLA MOLON","Alessandro Molon","ALESSANDRO LUCCIOLA MOLON",0,TRUE
"637","EDUARDO ALVES DO AMORIM","EDUARDO AMORIM","EDUARDO ALVES DO AMORIM",0,TRUE
"638","OSVALDO DE SOUZA COELHO","OSVALDO COELHO","OSVALDO DE SOUZA COELHO",0,TRUE
"639","JOSIMAR CUNHA RODRIGUES","Josimar Maranhãozinho","JOSIMAR CUNHA RODRIGUES",0,TRUE
"640","BENEDITA SOUZA DA SILVA SAMPAIO","Benedita da Silva","BENEDITA SOUZA DA SILVA SAMPAIO",0,TRUE
"641","BENEDITO DE LIRA","BENEDITO DE LIRA","BENEDITO DE LIRA",0,TRUE
"642","LEONARDO RIBEIRO ALBUQUERQUE","Dr. Leonardo","LEONARDO RIBEIRO ALBUQUERQUE",0,TRUE
"643","MARCELO THEODORO DE AGUIAR","MARCELO AGUIAR","MARCELO THEODORO DE AGUIAR",0,TRUE
"644","EDGARD MONTEMOR FERNANDES","EDINHO MONTEMOR","EDGARD MONTEMOR FERNANDES",0,TRUE
"645","SEBASTIAO IGNACIO DE OLIVEIRA JUNIOR","Sebastião Oliveira","SEBASTIAO IGNACIO DE OLIVEIRA JUNIOR",0,TRUE
"646","OLAVO CALHEIROS FILHO","OLAVO CALHEIROS","OLAVO CALHEIROS FILHO",0,TRUE
"647","ADEMIR CAMILO PRATES RODRIGUES","ADEMIR CAMILO","ADEMIR CAMILO PRATES RODRIGUES",0,TRUE
"648","VINICIUS LAZZER POIT","Vinicius Poit","VINICIUS LAZZER POIT",0,TRUE
"649","ANTONIO LAZARO SILVA","IRMÃO LAZARO","ANTONIO LAZARO SILVA",0,TRUE
"650","DIRLAINE JAQUELINE CASSOL","Jaqueline Cassol","DIRLAINE JAQUELINE CASSOL",0,TRUE
"651","WELLINGTON ANTONIO FAGUNDES","WELLINGTON FAGUNDES","WELLINGTON ANTONIO FAGUNDES",0,TRUE
"652","JOSE WELLINGTON ROBERTO","Wellington Roberto","JOSE WELLINGTON ROBERTO",0,TRUE
"653","RENZO DO AMARAL BRAZ","RENZO BRAZ","RENZO DO AMARAL BRAZ",0,TRUE
"654","RENATO SIMOES","RENATO SIMÕES","RENATO SIMOES",0,TRUE
"655","AMIR FRANCISCO LANDO","AMIR LANDO","AMIR FRANCISCO LANDO",0,TRUE
"656","ADRIAN MUSSI RAMOS","ADRIAN","ADRIAN MUSSI RAMOS",0,TRUE
"657","MIRO TEIXEIRA","MIRO TEIXEIRA","MIRO TEIXEIRA",0,TRUE
"658","JOSE ARNON CRUZ BEZERRA DE MENEZES","ARNON BEZERRA","JOSE ARNON CRUZ BEZERRA DE MENEZES",0,TRUE
"659","PEDRO AUGUSTO GEROMEL BEZERRA DE MENEZES","Pedro Augusto Bezerra","PEDRO AUGUSTO GEROMEL BEZERRA DE MENEZES",0,TRUE
"660","JOAO MARCELO SANTOS SOUZA","João Marcelo Souza","JOAO MARCELO SANTOS SOUZA",0,TRUE
"661","VICENTE ALVES DE OLIVEIRA JUNIOR","Vicentinho Júnior","VICENTE ALVES DE OLIVEIRA JUNIOR",0,TRUE
"662","JOSE DA CRUZ MARINHO","ZEQUINHA MARINHO","JOSE DA CRUZ MARINHO",0,TRUE
"663","JORGE TADEU MUDALEN","JORGE TADEU MUDALEN","JORGE TADEU MUDALEN",0,TRUE
"664","CEZAR AUGUSTO CAROLLO SILVESTRI","CEZAR SILVESTRI","CEZAR AUGUSTO CAROLLO SILVESTRI",0,TRUE
"665","URZENI DA ROCHA FREITAS FILHO","URZENI ROCHA","URZENI DA ROCHA FREITAS FILHO",0,TRUE
"666","NARCIO RODRIGUES DA SILVEIRA","NARCIO RODRIGUES","NARCIO RODRIGUES DA SILVEIRA",0,TRUE
"667","FLAVIANO FLAVIO BAPTISTA DE MELO","Flaviano Melo","FLAVIANO FLAVIO BAPTISTA DE MELO",0,TRUE
"668","FLAVIO ALVES SABINO","CABO SABINO","FLAVIO ALVES SABINO",0,TRUE
"669","FERNANDO ANTONIO FOLGADO GONCALVES","FERNANDO GONÇALVES","FERNANDO ANTONIO FOLGADO GONCALVES",0,TRUE
"670","MARINA SANTOS BATISTA DIAS","Marina Santos","MARINA SANTOS BATISTA DIAS",0,TRUE
"671","CARLOS ALBERTO DE SOUSA ROSADO SEGUNDO","Beto Rosado","CARLOS ALBERTO DE SOUSA ROSADO SEGUNDO",0,TRUE
"672","ANTONIO CARLOS PEIXOTO DE MAGALHAES NETO","ANTONIO CARLOS MAGALHÃES NETO","ANTONIO CARLOS PEIXOTO DE MAGALHAES NETO",0,TRUE
"673","GILSON MARQUES VIEIRA","Gilson Marques","GILSON MARQUES VIEIRA",0,TRUE
"674","CARLOS ROBERTO MASSA JUNIOR","RATINHO JUNIOR","CARLOS ROBERTO MASSA JUNIOR",0,TRUE
"675","ALBERICO DE FRANCA FERREIRA FILHO","ALBÉRICO FILHO","ALBERICO DE FRANCA FERREIRA FILHO",0,TRUE
"676","PAULO SERGIO PARANHOS DE MAGALHAES","Paulo Magalhães","PAULO SERGIO PARANHOS DE MAGALHAES",0,TRUE
"677","JUTAHY MAGALHAES JUNIOR","JUTAHY JUNIOR","JUTAHY MAGALHAES JUNIOR",0,TRUE
"678","VANDERLEI MACRIS","Vanderlei Macris","VANDERLEI MACRIS",0,TRUE
"679","LUCAS DE CASTRO SANTOS","Lucas Vergilio","LUCAS DE CASTRO SANTOS",0,TRUE
"680","JOAO PAULO LIMA E SILVA","JOÃO PAULO LIMA","JOAO PAULO LIMA E SILVA",0,TRUE
"681","GIOVANI CHERINI","Giovani Cherini","GIOVANI CHERINI",0,TRUE
"682","LUIZ ODORICO MONTEIRO DE ANDRADE","ODORICO MONTEIRO","LUIZ ODORICO MONTEIRO DE ANDRADE",0,TRUE
"683","VANDA DENIR MILANI NOGUEIRA","Dra. Vanda Milani","VANDA DENIR MILANI NOGUEIRA",0,TRUE
"684","TELMA SANDRA AUGUSTO DE SOUZA","TELMA DE SOUZA","TELMA SANDRA AUGUSTO DE SOUZA",0,TRUE
"685","EVANDRO ROGERIO ROMAN","Roman","EVANDRO ROGERIO ROMAN",0,TRUE
"686","FERNANDO DESTITO FRANCISCHINI","DELEGADO FRANCISCHINI","FERNANDO DESTITO FRANCISCHINI",0,TRUE
"687","CASSIO COELHO ANDRADE","Cássio Andrade","CASSIO COELHO ANDRADE",0,TRUE
"688","WASHINGTON REIS DE OLIVEIRA","WASHINGTON REIS","WASHINGTON REIS DE OLIVEIRA",0,TRUE
"689","GIOVANNI CORREA QUEIROZ","GIOVANNI QUEIROZ","GIOVANNI CORREA QUEIROZ",0,TRUE
"690","DAMIAO FELICIANO DA SILVA","Damião Feliciano","DAMIAO FELICIANO DA SILVA",0,TRUE
"691","LUIZ FERNANDO SALVADORI ZACHIA","FERNANDO ZACHIA","LUIZ FERNANDO SALVADORI ZACHIA",0,TRUE
"692","FRANCISCO VAIDON OLIVEIRA","Vaidon Oliveira","FRANCISCO VAIDON OLIVEIRA",0,TRUE
"693","ALCEU MOREIRA DA SILVA","Alceu Moreira","ALCEU MOREIRA DA SILVA",0,TRUE
"694","MAURO NAZIF RASUL","Mauro Nazif","MAURO NAZIF RASUL",0,TRUE
"695","AMARO ROCHA NASCIMENTO NETO","Amaro Neto","AMARO ROCHA NASCIMENTO NETO",0,TRUE
"696","LUIS FELIPE SILVA DE SOUZA","FELIPE SOUZA","LUIS FELIPE SILVA DE SOUZA",0,TRUE
"697","VITOR PAULO ARAUJO DOS SANTOS","VITOR PAULO","VITOR PAULO ARAUJO DOS SANTOS",0,TRUE
"698","ANTONIA MAGALHAES DA CRUZ","TONHA MAGALHÃES","ANTONIA MAGALHAES DA CRUZ",0,TRUE
"699","EVANDRO COSTA MILHOMEN","EVANDRO MILHOMEN","EVANDRO COSTA MILHOMEN",0,TRUE
"700","ANDRE CARLOS ALVES DE PAULA FILHO","André de Paula","ANDRE CARLOS ALVES DE PAULA FILHO",0,TRUE
"701","ANTONIO RIBEIRO","Frei Anastacio Ribeiro","ANTONIO RIBEIRO",0,TRUE
"702","JOSE AROLDO SOUZA MARTINS","Aroldo Martins","JOSE AROLDO SOUZA MARTINS",0,TRUE
"703","GIOVANI BATISTA FELTES","Giovani Feltes","GIOVANI BATISTA FELTES",0,TRUE
"704","LUIS CLAUDIO FERNANDES MIRANDA","Luis Miranda","LUIS CLAUDIO FERNANDES MIRANDA",0,TRUE
"705","LAURIETE RODRIGUES DE JESUS","Lauriete","LAURIETE RODRIGUES DE JESUS",0,TRUE
"706","NEWTON LIMA NETO","NEWTON LIMA","NEWTON LIMA NETO",0,TRUE
"707","LUIZ FERNANDO ARANTES MACHADO","LUIZ FERNANDO MACHADO","LUIZ FERNANDO ARANTES MACHADO",0,TRUE
"708","DAVID BEZERRA RIBEIRO SOARES","David Soares","DAVID BEZERRA RIBEIRO SOARES",0,TRUE
"709","MARIA APARECIDA BORGHETTI","CIDA BORGHETTI","MARIA APARECIDA BORGHETTI",0,TRUE
"710","JOSE OTACI BARROSO DO NASCIMENTO","Ottaci Nascimento","JOSE OTACI BARROSO DO NASCIMENTO",0,TRUE
"711","ADRIANO ELI CORREA","Eli Corrêa Filho","ADRIANO ELI CORREA",0,TRUE
"712","DAMIAO GOMES","Luiz Flávio Gomes","LUIZ FLAVIO GOMES",11,FALSE
"713","LEANDRO JOSE MENDES SAMPAIO FERNANDES","LEANDRO SAMPAIO","LEANDRO JOSE MENDES SAMPAIO FERNANDES",0,TRUE
"714","JANDIRA FEGHALI","Jandira Feghali","JANDIRA FEGHALI",0,TRUE
"715","NELSON NAHIM MATHEUS DE OLIVEIRA","NELSON NAHIM","NELSON NAHIM MATHEUS DE OLIVEIRA",0,TRUE
"716","EDSON APARECIDO DOS SANTOS","EDSON APARECIDO","EDSON APARECIDO DOS SANTOS",0,TRUE
"717","ULDURICO ALENCAR PINTO","Uldurico Junior","ULDURICO ALENCAR PINTO",0,TRUE
"718","JORGINHO DOS SANTOS MELLO","JORGINHO MELLO","JORGINHO DOS SANTOS MELLO",0,TRUE
"719","ARMANDO DE QUEIROZ MONTEIRO NETO","ARMANDO MONTEIRO","ARMANDO DE QUEIROZ MONTEIRO NETO",0,TRUE
"720","ARMANDO DE QUEIROZ MONTEIRO NETO","ARMANDO MONTEIRO","ARMANDO DE QUEIROZ MONTEIRO FILHO",7,TRUE
"721","PAULO ROBERTO FREIRE DA COSTA","Paulo Freire Costa","PAULO ROBERTO FREIRE DA COSTA",0,TRUE
"722","EDERSON DAL MOLIN","XUXU DAL MOLIN","EDERSON DAL MOLIN",0,TRUE
"723","WELITON FERNANDES PRADO","Weliton Prado","WELITON FERNANDES PRADO",0,TRUE
"724","AUGUSTO RODRIGUES COUTINHO DE MELO","Augusto Coutinho","AUGUSTO RODRIGUES COUTINHO DE MELO",0,TRUE
"725","PAULO ROBERTO GOMES MANSUR","BETO MANSUR","PAULO ROBERTO GOMES MANSUR",0,TRUE
"726","PAUDERNEY TOMAZ AVELINO","PAUDERNEY AVELINO","PAUDERNEY TOMAZ AVELINO",0,TRUE
"727","FRANCISCO EURICO DA SILVA","Pastor Eurico","FRANCISCO EURICO DA SILVA",0,TRUE
"728","HELIO BATISTA DOS SANTOS","HÉLIO SANTOS","HELIO BATISTA DOS SANTOS",0,TRUE
"729","JOSE FUSCALDI CESILIO","TATICO","JOSE FUSCALDI CESILIO",0,TRUE
"730","ALEXANDRE DE MELO TOLEDO","ALEXANDRE TOLEDO","ALEXANDRE DE MELO TOLEDO",0,TRUE
"731","ROGERIO MARTINS LISBOA","ROGERIO LISBOA","ROGERIO MARTINS LISBOA",0,TRUE
"732","LOURIVAL MENDES DA FONSECA FILHO","LOURIVAL MENDES","LOURIVAL MENDES DA FONSECA FILHO",0,TRUE
"733","EFRAIM DE ARAUJO MORAIS FILHO","Efraim Filho","EFRAIM DE ARAUJO MORAIS FILHO",0,TRUE
"734","SEVERINO DE LIRA PESSOA","Severino Pessoa","SEVERINO DE LIRA PESSOA",0,TRUE
"735","OSMAR JOSE SERRAGLIO","OSMAR SERRAGLIO","OSMAR JOSE SERRAGLIO",0,TRUE
"736","PATRUS ANANIAS DE SOUSA","Patrus Ananias","PATRUS ANANIAS DE SOUSA",0,TRUE
"737","FABIO HENRIQUE SANTANA DE CARVALHO","Fábio Henrique","FABIO HENRIQUE SANTANA DE CARVALHO",0,TRUE
"738","FABIO CRUZ MITIDIERI","Fábio Mitidieri","FABIO CRUZ MITIDIERI",0,TRUE
"739","LUIZ ANTONIO VASCONCELLOS CARREIRA","LUIZ CARREIRA","LUIZ ANTONIO VASCONCELLOS CARREIRA",0,TRUE
"740","PAULO ROBERTO BARRETO BORNHAUSEN","PAULO BORNHAUSEN","PAULO ROBERTO BARRETO BORNHAUSEN",0,TRUE
"741","MARCELO GUILHERME DE ARO FERREIRA","Marcelo Aro","MARCELO GUILHERME DE ARO FERREIRA",0,TRUE
"742","ADILTON DOMINGOS SACHETTI","ADILTON SACHETTI","ADILTON DOMINGOS SACHETTI",0,TRUE
"743","LUIZ CARLOS CAETANO","CAETANO","CAETANO",12,FALSE
"744","JOAO ALMEIDA DOS SANTOS","JOÃO ALMEIDA","JOAO ALMEIDA DOS SANTOS",0,TRUE
"745","PAULO GUSTAVO GANIME ALVES TEIXEIRA","Paulo Ganime","PAULO GUSTAVO GANIME ALVES TEIXEIRA",0,TRUE
"746","GEDDEL QUADROS VIEIRA LIMA","GEDDEL VIEIRA LIMA","GEDDEL QUADROS VIEIRA LIMA",0,TRUE
"747","JONES ALEXANDRE MARTINS","JONES MARTINS","JONES ALEXANDRE MARTINS",0,TRUE
"748","JOSE RAFAEL GUERRA PINTO COELHO","RAFAEL GUERRA","JOSE RAFAEL GUERRA PINTO COELHO",0,TRUE
"749","CLAUDIO ANTONIO VIGNATTI","VIGNATTI","CLAUDIO ANTONIO VIGNATTI",0,TRUE
"750","JOAO CARLOS BACELAR BATISTA","Bacelar","JOAO CARLOS BACELAR BATISTA",0,TRUE
"751","MARCELO ZATURANSKY NOGUEIRA ITAGIBA","MARCELO ITAGIBA","MARCELO ZATURANSKY NOGUEIRA ITAGIBA",0,TRUE
"752","LUCIANA KREBS GENRO","LUCIANA GENRO","LUCIANA KREBS GENRO",0,TRUE
"753","FRANCISCO DE ASSIS CARVALHO GONCALVES","Assis Carvalho","FRANCISCO DE ASSIS CARVALHO GONCALVES",0,TRUE
"754","BRUNO CAVALCANTI DE ARAUJO","BRUNO ARAÚJO","BRUNO CAVALCANTI DE ARAUJO",0,TRUE
"755","SILAS BRASILEIRO","SILAS BRASILEIRO","SILAS BRASILEIRO",0,TRUE
"756","NICOLINO BOZZELLA JUNIOR","Bozzella","NICOLINO BOZZELLA JUNIOR",0,TRUE
"757","ODACIR ZONTA","ZONTA","ODACIR ZONTA",0,TRUE
"758","LUIZ JOSE BITTENCOURT","LUIZ BITTENCOURT","LUIZ JOSE BITTENCOURT",0,TRUE
"759","ESMERINO NERI BATISTA FILHO","MIRIQUINHO BATISTA","ESMERINO NERI BATISTA FILHO",0,TRUE
"760","VIRGILIO GUIMARAES DE PAULA","VIRGILIO GUIMARAES","VIRGILIO GUIMARAES",9,FALSE
"761","FERNANDO MELO DA COSTA","FERNANDO MELO","FERNANDO MELO DA COSTA",0,TRUE
"762","JOSE WILSON SANTIAGO FILHO","WILSON FILHO","JOSE WILSON SANTIAGO FILHO",0,TRUE
"763","MARCOS PACCO RIBEIRO COELHO","PROFESSOR PACCO","MARCOS PACCO RIBEIRO COELHO",0,TRUE
"764","ZENALDO RODRIGUES COUTINHO JUNIOR","ZENALDO COUTINHO","ZENALDO RODRIGUES COUTINHO JUNIOR",0,TRUE
"765","JOAQUIM DE LIRA MAIA","LIRA MAIA","JOAQUIM DE LIRA MAIA",0,TRUE
"766","MARCIO CARLOS MARINHO","Márcio Marinho","MARCIO CARLOS MARINHO",0,TRUE
"767","ALEX MARCO SANTANA SOUSA","Alex Santana","ALEX MARCO SANTANA SOUSA",0,TRUE
"768","JOVAIR DE OLIVEIRA ARANTES","JOVAIR ARANTES","JOVAIR DE OLIVEIRA ARANTES",0,TRUE
"769","RICARDO AUGUSTO MACHADO DA SILVA","Ricardo Silva","RICARDO AUGUSTO MACHADO DA SILVA",0,TRUE
"770","JOSE JUSCELINO DOS SANTOS REZENDE FILHO","Juscelino Filho","JOSE JUSCELINO DOS SANTOS REZENDE FILHO",0,TRUE
"771","JOSE ROBERTO SANTIAGO GOMES","ROBERTO SANTIAGO","JOSE ROBERTO SANTIAGO GOMES",0,TRUE
"772","AECIO NEVES DA CUNHA","Aécio Neves","AECIO NEVES DA CUNHA",0,TRUE
"773","ANGELO CREMA MARZOLA JUNIOR","JUNIOR MARZOLA","ANGELO CREMA MARZOLA JUNIOR",0,TRUE
"774","FELIPE LEONE BORNIER DE OLIVEIRA","FELIPE BORNIER","FELIPE LEONE BORNIER DE OLIVEIRA",0,TRUE
"775","MAURICIO RANDS COELHO BARROS","MAURÍCIO RANDS","MAURICIO RANDS COELHO BARROS",0,TRUE
"776","EDUARDO COSENTINO DA CUNHA","EDUARDO CUNHA","EDUARDO COSENTINO DA CUNHA",0,TRUE
"777","HOMERO ALVES PEREIRA","HOMERO PEREIRA","HOMERO ALVES PEREIRA",0,TRUE
"778","LUIZ BARBOSA DE DEUS","LUIZ DE DEUS","LUIZ BARBOSA DE DEUS",0,TRUE
"779","ANTONIO LUIZ PARANHOS RIBEIRO LEITE DE BRITO","Antonio Brito","ANTONIO LUIZ PARANHOS RIBEIRO LEITE DE BRITO",0,TRUE
"780","LUIZ CARLOS BASSUMA","LUIZ BASSUMA","LUIZ CARLOS BASSUMA",0,TRUE
"781","DANIEL PAULO FONTANA","DANIEL FONTANA","DANIEL PAULO FONTANA",0,TRUE
"782","TIAGO BRAGA PEREIRA","Tiago Dimas","TIAGO BRAGA PEREIRA",0,TRUE
"783","SEVERIANO ALVES DE SOUZA","SEVERIANO ALVES","SEVERIANO ALVES DE SOUZA",0,TRUE
"784","BENEVENUTO DACIOLO FONSECA DOS SANTOS","CABO DACIOLO","BENEVENUTO DACIOLO FONSECA DOS SANTOS",0,TRUE
"785","VANIA DE BONA","NICE LOBÃO","NICE LOBAO",11,FALSE
"786","LINCOLN DINIZ PORTELA","Lincoln Portela","LINCOLN DINIZ PORTELA",0,TRUE
"787","DOMINGOS GOMES DE AGUIAR NETO","Domingos Neto","DOMINGOS GOMES DE AGUIAR NETO",0,TRUE
"788","BRUNA DIAS FURLAN","Bruna Furlan","BRUNA DIAS FURLAN",0,TRUE
"789","FERNANDO ALBERTO DINIZ","FERNANDO DINIZ","FERNANDO ALBERTO DINIZ",0,TRUE
"790","ADOLFO VIANA DE CASTRO NETO","Adolfo Viana","ADOLFO VIANA DE CASTRO NETO",0,TRUE
"791","RONALDO JOSE BENEDET","RONALDO BENEDET","RONALDO JOSE BENEDET",0,TRUE
"792","CARLOS MAURO CABRAL BENEVIDES","MAURO BENEVIDES","CARLOS MAURO CABRAL BENEVIDES",0,TRUE
"793","FERNANDO RODOLFO TENORIO DE VASCONCELOS","Fernando Rodolfo","FERNANDO RODOLFO TENORIO DE VASCONCELOS",0,TRUE
"794","JAIRO ATAIDE VIEIRA","JAIRO ATAÍDE","JAIRO ATAIDE VIEIRA",0,TRUE
"795","IRAJA SILVESTRE FILHO","IRAJÁ ABREU","IRAJA SILVESTRE FILHO",0,TRUE
"796","HEITOR RODRIGO PEREIRA FREIRE","Heitor Freire","HEITOR RODRIGO PEREIRA FREIRE",0,TRUE
"797","JOSELI ANGELO AGNOLIN","ÂNGELO AGNOLIN","JOSELI ANGELO AGNOLIN",0,TRUE
"798","CELIO STUDART BARBOSA","Célio Studart","CELIO STUDART BARBOSA",0,TRUE
"799","IVETE MARIA DE OLIVEIRA","MÁRIO DE OLIVEIRA","MARIO DE OLIVEIRA",8,FALSE
"800","MIGUEL CORREA DA SILVA JUNIOR","MIGUEL CORRÊA","MIGUEL CORREA DA SILVA JUNIOR",0,TRUE
"801","SERGIO ZVEITER","SERGIO ZVEITER","SERGIO ZVEITER",0,TRUE
"802","VINICIUS RAPOZO DE CARVALHO","Vinicius Carvalho","VINICIUS RAPOZO DE CARVALHO",0,TRUE
"803","FRANKEMBERGEN GALVAO DA COSTA","PASTOR FRANKEMBERGEN","FRANKEMBERGEN GALVAO DA COSTA",0,TRUE
"804","HILKEA CARLA DE SOUZA MEDEIROS LIMA","Carla Dickson","HILKEA CARLA DE SOUZA MEDEIROS LIMA",0,TRUE
"805","JOSE DOS SANTOS FREIRE JUNIOR","FREIRE JÚNIOR","JOSE DOS SANTOS FREIRE JUNIOR",0,TRUE
"806","CLEBER VERDE CORDEIRO MENDES","Cleber Verde","CLEBER VERDE CORDEIRO MENDES",0,TRUE
"807","NILMAR GAVINO RUIZ","NILMAR RUIZ","NILMAR GAVINO RUIZ",0,TRUE
"808","JOAO PAULO CUNHA","JOÃO PAULO CUNHA","JOAO PAULO CUNHA",0,TRUE
"809","NILSON PINTO DE OLIVEIRA","Nilson Pinto","NILSON PINTO DE OLIVEIRA",0,TRUE
"810","LUIZ FERNANDO DE FABINHO ARAUJO LIMA","FERNANDO DE FABINHO","LUIZ FERNANDO DE FABINHO ARAUJO LIMA",0,TRUE
"811","RONALDO MIRO ZULKE","RONALDO ZULKE","RONALDO MIRO ZULKE",0,TRUE
"812","JOAO CARLOS SOARES GURGEL","Gurgel","JOAO CARLOS SOARES GURGEL",0,TRUE
"813","JORGE ALBERTO TELES PRADO","JORGE ALBERTO","JORGE ALBERTO TELES PRADO",0,TRUE
"814","EROS FERREIRA BIONDINI","Eros Biondini","EROS FERREIRA BIONDINI",0,TRUE
"815","WILSON SILVA BESERRA","WILSON BESERRA","WILSON SILVA BESERRA",0,TRUE
"816","EDSON SILVA","EDSON SILVA","EDSON SILVA",0,TRUE
"817","DECIO NERY DE LIMA","DÉCIO LIMA","DECIO NERY DE LIMA",0,TRUE
"818","RENATO FAUVEL AMARY","RENATO AMARY","RENATO FAUVEL AMARY",0,TRUE
"819","OCIMAR DONIZETI LEO OLIVEIRA","LÉO OLIVEIRA","OCIMAR DONIZETI LEO OLIVEIRA",0,TRUE
"820","MARCOS ALVES DOS SANTOS","RUI COSTA","RUI COSTA DOS SANTOS",11,FALSE
"821","MARX BELTRAO LIMA SIQUEIRA","Marx Beltrão","MARX BELTRAO LIMA SIQUEIRA",0,TRUE
"822","ALINE PARANHOS VARONIL GURGEL","Aline Gurgel","ALINE PARANHOS VARONIL GURGEL",0,TRUE
"823","AYRTON ALVARENGA XEREZ","AYRTON XEREZ","AYRTON ALVARENGA XEREZ",0,TRUE
"824","JESSICA ROJAS SALES","Jéssica Sales","JESSICA ROJAS SALES",0,TRUE
"825","JOSE WILSON SANTIAGO","Wilson Santiago","JOSE WILSON SANTIAGO",0,TRUE
"826","EDUARDO BRANDAO DE AZEREDO","EDUARDO AZEREDO","EDUARDO BRANDAO DE AZEREDO",0,TRUE
"827","FRANCO CARTAFINA GOMES","Franco Cartafina","FRANCO CARTAFINA GOMES",0,TRUE
"828","JOSE HUMBERTO SOARES","JOSÉ HUMBERTO","JOSE HUMBERTO SOARES",0,TRUE
"829","DANIEL PIRES COELHO","Daniel Coelho","DANIEL PIRES COELHO",0,TRUE
"830","GERALDO THADEU PEDREIRA DOS SANTOS","GERALDO THADEU","GERALDO THADEU PEDREIRA DOS SANTOS",0,TRUE
"831","SHERIDAN ESTERFANY OLIVEIRA","Shéridan","SHERIDAN ESTERFANY OLIVEIRA",0,TRUE
"832","LEANDRO VILELA VELLOSO","LEANDRO VILELA","LEANDRO VILELA VELLOSO",0,TRUE
"833","FABRICIO JOSE SATIRO DE OLIVEIRA","FABRICIO OLIVEIRA","FABRICIO JOSE SATIRO DE OLIVEIRA",0,TRUE
"834","FRANCISCO RODRIGUES VALE JUNIOR","Francisco Jr.","FRANCISCO RODRIGUES VALE JUNIOR",0,TRUE
"835","JANETE ROCHA PIETA","JANETE ROCHA PIETÁ","JANETE ROCHA PIETA",0,TRUE
"836","NIVALDO FERREIRA DE ALBUQUERQUE NETO","Nivaldo Albuquerque","NIVALDO FERREIRA DE ALBUQUERQUE NETO",0,TRUE
"837","MARCIO MIGUEL BITTAR","MARCIO BITTAR","MARCIO MIGUEL BITTAR",0,TRUE
"838","GERALDO ROBERTO SIQUEIRA DE SOUZA","GERALDO PUDIM","GERALDO ROBERTO SIQUEIRA DE SOUZA",0,TRUE
"839","EDUARDO PEDROSA CURY","Eduardo Cury","EDUARDO PEDROSA CURY",0,TRUE
"840","NEUDO RIBEIRO CAMPOS","NEUDO CAMPOS","NEUDO RIBEIRO CAMPOS",0,TRUE
"841","HOMERO BARBOSA NETO","BARBOSA NETO","HOMERO BARBOSA NETO",0,TRUE
"842","VITOR HUGO DE ARAUJO ALMEIDA","Vitor Hugo","VITOR HUGO DE ARAUJO ALMEIDA",0,TRUE
"843","ALESSANDRA DA SILVA","Alê Silva","ALESSANDRA DA SILVA",0,TRUE
"844","FABIO RICARDO TRAD","Fábio Trad","FABIO RICARDO TRAD",0,TRUE
"845","WEVERTON ROCHA MARQUES DE SOUSA","WEVERTON ROCHA","WEVERTON ROCHA MARQUES DE SOUSA",0,TRUE
"846","JOSE MARIA MACEDO JUNIOR","MACEDO","JOSE MARIA MACEDO JUNIOR",0,TRUE
"847","GASTAO DIAS VIEIRA","Gastão Vieira","GASTAO DIAS VIEIRA",0,TRUE
"848","AGNALDO MUNIZ","AGNALDO MUNIZ","AGNALDO MUNIZ",0,TRUE
"849","ANTONIO FERREIRA DA CRUZ FILHO","ANTONIO CRUZ","ANTONIO FERREIRA DA CRUZ FILHO",0,TRUE
"850","ZACARIAS CALIL HAMU","Dr. Zacharias Calil","ZACARIAS CALIL HAMU",0,TRUE
"851","LUCAS BELLO REDECKER","Lucas Redecker","LUCAS BELLO REDECKER",0,TRUE
"852","CLAUDIO CASTANHEIRA DIAZ","CLAUDIO DIAZ","CLAUDIO DIAZ",12,FALSE
"853","JOAO CHRISOSTOMO DE MOURA","Coronel Chrisóstomo","JOAO CHRISOSTOMO DE MOURA",0,TRUE
"854","RAUL JEAN LOUIS HENRY JUNIOR","Raul Henry","RAUL JEAN LOUIS HENRY JUNIOR",0,TRUE
"855","OSMAR RIBEIRO DE ALMEIDA JUNIOR","OSMAR JÚNIOR","OSMAR RIBEIRO DE ALMEIDA JUNIOR",0,TRUE
"856","AGUINALDO VELLOSO BORGES RIBEIRO","Aguinaldo Ribeiro","AGUINALDO VELLOSO BORGES RIBEIRO",0,TRUE
"857","ELIEL MARCIO DO CARMO","Léo Motta","ELIEL MARCIO DO CARMO",0,TRUE
"858","MARCOS ROGERIO DA SILVA BRITO","MARCOS ROGÉRIO","MARCOS ROGERIO DA SILVA BRITO",0,TRUE
"859","TABATA CLAUDIA AMARAL DE PONTES","Tabata Amaral","TABATA CLAUDIA AMARAL DE PONTES",0,TRUE
"860","ANTONIO CARLOS BIFFI","BIFFI","ANTONIO CARLOS BIFFI",0,TRUE
"861","PEDRO PINHEIRO CHAVES","PEDRO CHAVES","PEDRO PINHEIRO CHAVES",0,TRUE
"862","RAIMUNDO TARASKEVICIUS SALES","SALLES","RAIMUNDO TARASKEVICIUS SALES",0,TRUE
"863","PAULO JOSE CARLOS GUEDES","Paulo Guedes","PAULO JOSE CARLOS GUEDES",0,TRUE
"864","ASSIS MIGUEL DO COUTO","ASSIS DO COUTO","ASSIS MIGUEL DO COUTO",0,TRUE
"865","REINALDO AZAMBUJA SILVA","REINALDO AZAMBUJA","REINALDO AZAMBUJA SILVA",0,TRUE
"866","MARCELO HENRIQUE TEIXEIRA DIAS","Marcelo Álvaro Antônio","MARCELO HENRIQUE TEIXEIRA DIAS",0,TRUE
"867","JAIRO PAES DE LIRA","PAES DE LIRA","JAIRO PAES DE LIRA",0,TRUE
"868","RICARDO JOSE RIBEIRO BERZOINI","RICARDO BERZOINI","RICARDO JOSE RIBEIRO BERZOINI",0,TRUE
"869","CARLOS AUGUSTO ALVES SANTANA","CARLOS SANTANA","CARLOS AUGUSTO ALVES SANTANA",0,TRUE
"870","RODRIGO OTAVIO SOARES PACHECO","RODRIGO PACHECO","RODRIGO OTAVIO SOARES PACHECO",0,TRUE
"871","OSVALDO DE SOUZA REIS","OSVALDO REIS","OSVALDO DE SOUZA REIS",0,TRUE
"872","MARIA PERPETUA DE ALMEIDA","Perpétua Almeida","MARIA PERPETUA DE ALMEIDA",0,TRUE
"873","VICENTE CANDIDO DA SILVA","VICENTE CANDIDO","VICENTE CANDIDO DA SILVA",0,TRUE
"874","JORGE RICARDO BITTAR","JORGE BITTAR","JORGE RICARDO BITTAR",0,TRUE
"875","MARCELO RAMOS RODRIGUES","Marcelo Ramos","MARCELO RAMOS RODRIGUES",0,TRUE
"876","LEONARDO BARRETO DE MORAES","Léo Moraes","LEONARDO BARRETO DE MORAES",0,TRUE
"877","CARLOS EDUARDO XAVIER MARUN","CARLOS MARUN","CARLOS EDUARDO XAVIER MARUN",0,TRUE
"878","MARCELO CALERO FARIA GARCIA","Marcelo Calero","MARCELO CALERO FARIA GARCIA",0,TRUE
"879","CARLOS ALBERTO LEREIA DA SILVA","CARLOS ALBERTO LERÉIA","CARLOS ALBERTO LEREIA DA SILVA",0,TRUE
"880","SOLANGE AMARAL","SOLANGE AMARAL","SOLANGE AMARAL",0,TRUE
"881","JOSE ALDO REBELO FIGUEIREDO","ALDO REBELO","JOSE ALDO REBELO FIGUEIREDO",0,TRUE
"882","RICARDO TEOBALDO CAVALCANTI","Ricardo Teobaldo","RICARDO TEOBALDO CAVALCANTI",0,TRUE
"883","DEJORGE PATRICIO DA SILVA","DEJORGE PATRÍCIO","DEJORGE PATRICIO DA SILVA",0,TRUE
"884","CESAR ROBERTO COLNAGHI","CESAR COLNAGO","CESAR ROBERTO COLNAGHI",0,TRUE
"885","MARCOS AURELIO PADUA RIBEIRO GONCALVES DE SAMPAIO","Marcos Aurélio Sampaio","MARCOS AURELIO  PADUA RIBEIRO GONCALVES DE SAMPAIO",1,TRUE
"886","JAIR MESSIAS BOLSONARO","JAIR BOLSONARO","JAIR MESSIAS BOLSONARO",0,TRUE
"887","EDUARDO NANTES BOLSONARO","Eduardo Bolsonaro","EDUARDO NANTES BOLSONARO",0,TRUE
"888","MARCUS ANTONIO VICENTE","MARCUS VICENTE","MARCUS ANTONIO VICENTE",0,TRUE
"889","JOSE PAULO TOFFANO","JOSÉ PAULO TÓFFANO","JOSE PAULO TOFFANO",0,TRUE
"890","ALEXANDRE JOSE DOS SANTOS","ALEXANDRE SANTOS","ALEXANDRE JOSE DOS SANTOS",0,TRUE
"891","GUSTAVO MARQUES CARVALHO MITRE","GUSTAVO MITRE","GUSTAVO MARQUES CARVALHO MITRE",0,TRUE
"892","LUIZ FELIPE BALEIA TENUTO ROSSI","Baleia Rossi","LUIZ FELIPE BALEIA TENUTO ROSSI",0,TRUE
"893","WELINGTON COIMBRA","LELO COIMBRA","WELINGTON COIMBRA",0,TRUE
"894","GISELA ROMARIZ SEQUEIRA","GISELA SEQUEIRA","GISELA ROMARIZ SEQUEIRA",0,TRUE
"895","IRANI OTTONI","NICE LOBÃO","NICE LOBAO",12,FALSE
"896","NELSON ROBERTO BORNIER DE OLIVEIRA","NELSON BORNIER","NELSON ROBERTO BORNIER DE OLIVEIRA",0,TRUE
"897","JONY MARCOS DE SOUZA ARAUJO","JONY MARCOS","JONY MARCOS DE SOUZA ARAUJO",0,TRUE
"898","LUIZ HILOSHI NISHIMORI","Luiz Nishimori","LUIZ HILOSHI NISHIMORI",0,TRUE
"899","JORGE DE OLIVEIRA","ZOINHO","JORGE DE OLIVEIRA",0,TRUE
"900","FRANCISCO DEUZINHO DE OLIVEIRA FILHO","Deuzinho Filho","FRANCISCO DEUZINHO DE OLIVEIRA FILHO",0,TRUE
"901","EMANUEL PINHEIRO DA SILVA PRIMO","Emanuel Pinheiro Neto","EMANUEL PINHEIRO DA SILVA PRIMO",0,TRUE
"902","SERGIO BARRADAS CARNEIRO","SÉRGIO BARRADAS CARNEIRO","SERGIO BARRADAS CARNEIRO",0,TRUE
"903","STEPAN NERCESSIAN","STEPAN NERCESSIAN","STEPAN NERCESSIAN",0,TRUE
"904","JOSE VITOR DE RESENDE AGUIAR","Zé Vitor","JOSE VITOR DE RESENDE AGUIAR",0,TRUE
"905","LUIZ HENRIQUE DA COSTA","MANDETTA","LUIZ HENRIQUE MANDETTA",10,FALSE
"906","JURANDY LOUREIRO BARROSO","JURANDY LOUREIRO","JURANDY LOUREIRO BARROSO",0,TRUE
"907","MARCEL VAN HATTEM","Marcel van Hattem","MARCEL VAN HATTEM",0,TRUE
"908","REINHOLD STEPHANES JUNIOR","Reinhold Stephanes Junior","REINHOLD STEPHANES JUNIOR",0,TRUE
"909","LUCIANO FRED BRAGA PENHA","PASTOR LUCIANO BRAGA","LUCIANO FRED BRAGA PENHA",0,TRUE
"910","LILIAM SA DE PAULA","LILIAM SÁ","LILIAM SA DE PAULA",0,TRUE
"911","ROMES FRANCISCO DA ROCHA","CIRO PEDROSA","CIRO FRANCISCO PEDROSA",12,FALSE
"912","ANTONIO FLORIANO PEREIRA PESARO","FLORIANO PESARO","ANTONIO FLORIANO PEREIRA PESARO",0,TRUE
"913","SILVIO SERAFIM COSTA","SILVIO COSTA","SILVIO SERAFIM COSTA",0,TRUE
"914","FREDERICO BORGES DA COSTA","Fred Costa","FREDERICO BORGES DA COSTA",0,TRUE
"915","ADELSON BARRETO DOS SANTOS","ADELSON BARRETO","ADELSON BARRETO DOS SANTOS",0,TRUE
"916","ANDRE LUIS DANTAS FERREIRA","ANDRE MOURA","ANDRE LUIS DANTAS FERREIRA",0,TRUE
"917","THIAGO MELLO PEIXOTO DA SILVEIRA","THIAGO PEIXOTO","THIAGO MELLO PEIXOTO DA SILVEIRA",0,TRUE
"918","SAGUAS MORAES SOUSA","SÁGUAS MORAES","SAGUAS MORAES SOUSA",0,TRUE
"919","DAVIDSON DE MAGALHAES SANTOS","DAVIDSON MAGALHÃES","DAVIDSON DE MAGALHAES SANTOS",0,TRUE
"920","RENATO DELMAR MOLLING","RENATO MOLLING","RENATO DELMAR MOLLING",0,TRUE
"921","LUIZ CARLOS JORGE HAULY","LUIZ CARLOS HAULY","LUIZ CARLOS JORGE HAULY",0,TRUE
"922","JOSE LUPERCIO RAMOS DE OLIVEIRA","LUPÉRCIO RAMOS","JOSE LUPERCIO RAMOS DE OLIVEIRA",0,TRUE
"923","JOSE CERQUEIRA DE SANTANA NETO","Zé Neto","JOSE CERQUEIRA DE SANTANA NETO",0,TRUE
"924","ROBERTO DA SILVA SALES","ROBERTO SALES","ROBERTO DA SILVA SALES",0,TRUE
"925","FILIPE DE ALMEIDA PEREIRA","FILIPE PEREIRA","FILIPE DE ALMEIDA PEREIRA",0,TRUE
"926","ALINE LEMOS CORREA DE OLIVEIRA ANDRADE","ALINE CORRÊA","ALINE LEMOS CORREA DE OLIVEIRA ANDRADE",0,TRUE
"927","DILCEU JOAO SPERAFICO","DILCEU SPERAFICO","DILCEU JOAO SPERAFICO",0,TRUE
"928","MARCO ANTONIO NEVES CABRAL","MARCO ANTÔNIO CABRAL","MARCO ANTONIO NEVES CABRAL",0,TRUE
"929","LEOMAR DE MELO QUINTANILHA","LEOMAR QUINTANILHA","LEOMAR DE MELO QUINTANILHA",0,TRUE
"930","VALMIR PRASCIDELLI","VALMIR PRASCIDELLI","VALMIR PRASCIDELLI",0,TRUE
"931","CARLOS FERNANDO CORUJA AGUSTINI","FERNANDO CORUJA","CARLOS FERNANDO CORUJA AGUSTINI",0,TRUE
"932","HUGO MOTTA WANDERLEY DA NOBREGA","Hugo Motta","HUGO MOTTA WANDERLEY DA NOBREGA",0,TRUE
"933","ANDRE AUGUSTO CASTRO DO AMARAL FILHO","ANDRÉ AMARAL","ANDRE AUGUSTO CASTRO DO AMARAL FILHO",0,TRUE
"934","POLLYANA FATIMA GAMA SANTOS","POLLYANA GAMA","POLLYANA FATIMA GAMA SANTOS",0,TRUE
"935","JOSE HENRIQUE OLIVEIRA","HENRIQUE OLIVEIRA","JOSE HENRIQUE OLIVEIRA",0,TRUE
"936","RAUL BELENS JUNGMANN PINTO","RAUL JUNGMANN","RAUL BELENS JUNGMANN PINTO",0,TRUE
"937","RONALDO CARLETTO","Ronaldo Carletto","RONALDO CARLETTO",0,TRUE
"938","CRISTIANE BRASIL FRANCISCO","CRISTIANE BRASIL","CRISTIANE BRASIL FRANCISCO",0,TRUE
"939","ERIVELTON LIMA SANTANA","ERIVELTON SANTANA","ERIVELTON LIMA SANTANA",0,TRUE
"940","ANTONIO PINHEIRO JUNIOR","TONINHO PINHEIRO","ANTONIO PINHEIRO JUNIOR",0,TRUE
"941","ANTONIO CHARLES LUCENA DE OLIVEIRA MELLO","CHARLES LUCENA","ANTONIO CHARLES LUCENA DE OLIVEIRA MELLO",0,TRUE
"942","FRANCISCO ALVES DE AGUIAR","FRANCISCO CHAPADINHA","FRANCISCO ALVES DE AGUIAR",0,TRUE
"943","JOSE SILVA SOARES","Zé Silva","JOSE SILVA SOARES",0,TRUE
"944","LEONARDO CUNHA DE BRITO","LEO DE BRITO","LEONARDO CUNHA DE BRITO",0,TRUE
"945","LOESTER CARLOS GOMES DE SOUZA","Loester Trutis","LOESTER CARLOS GOMES DE SOUZA",0,TRUE
"946","RAQUEL FIGUEIREDO ALESSANDRI TEIXEIRA","PROFESSORA RAQUEL TEIXEIRA","RAQUEL FIGUEIREDO ALESSANDRI TEIXEIRA",0,TRUE
"947","SERGIO PAULO DE OLIVEIRA","PROFESSOR SÉRGIO DE OLIVEIRA","SERGIO PAULO DE OLIVEIRA",0,TRUE
"948","RUI SOARES PALMEIRA","RUI PALMEIRA","RUI SOARES PALMEIRA",0,TRUE
"949","LEOPOLDO COSTA MEYER","LEOPOLDO MEYER","LEOPOLDO COSTA MEYER",0,TRUE
"950","JORGE SILVA","DR. JORGE SILVA","JORGE SILVA",0,TRUE
"951","WALTER MEYER FELDMAN","WALTER FELDMAN","WALTER MEYER FELDMAN",0,TRUE
"952","AELTON JOSE DE FREITAS","AELTON FREITAS","AELTON JOSE DE FREITAS",0,TRUE
"953","NORMA AYUB ALVES","Norma Ayub","NORMA AYUB ALVES",0,TRUE
"954","ESPERIDIAO AMIN HELOU FILHO","ESPERIDIÃO AMIN","ESPERIDIAO AMIN HELOU FILHO",0,TRUE
"955","SERGIO LUCIO DE ALMEIDA","TENENTE LÚCIO","SERGIO LUCIO DE ALMEIDA",0,TRUE
"956","MARCOS ANTONIO MEDRADO","MARCOS MEDRADO","MARCOS ANTONIO MEDRADO",0,TRUE
"957","ANTONIO CARLOS PANNUNZIO","ANTONIO CARLOS PANNUNZIO","ANTONIO CARLOS PANNUNZIO",0,TRUE
"958","DEVANIR RIBEIRO","DEVANIR RIBEIRO","DEVANIR RIBEIRO",0,TRUE
"959","JOSE ABELARDO GUIMARAES CAMARINHA","ABELARDO CAMARINHA","JOSE ABELARDO GUIMARAES CAMARINHA",0,TRUE
"960","VILSON ORSI","Vitor Lippi","VITOR LIPPI",12,FALSE
"961","JOSE GUILHERME NEGRAO PEIXOTO","Guiga Peixoto","JOSE GUILHERME NEGRAO PEIXOTO",0,TRUE
"962","JULIO FRANCISCO SEMEGHINI NETO","JULIO SEMEGHINI","JULIO FRANCISCO SEMEGHINI NETO",0,TRUE
"963","EDSON EDINHO COELHO ARAUJO","EDINHO ARAÚJO","EDSON EDINHO COELHO ARAUJO",0,TRUE
"964","ANDRE FRANCO MONTORO FILHO","ANDRE MONTORO","ANDRE FRANCO MONTORO FILHO",0,TRUE
"965","MARIO DE OLIVEIRA","MÁRIO DE OLIVEIRA","MARIO DE OLIVEIRA",0,TRUE
"966","ANTONIO JOSE IMBASSAHY DA SILVA","ANTONIO IMBASSAHY","ANTONIO JOSE IMBASSAHY DA SILVA",0,TRUE
"967","ANTONIO ADOLPHO LOBBE NETO","LOBBE NETO","ANTONIO ADOLPHO LOBBE NETO",0,TRUE
"968","RODRIGO GARCIA","RODRIGO GARCIA","RODRIGO GARCIA",0,TRUE
"969","JILMAR AUGUSTINHO TATTO","JILMAR TATTO","JILMAR AUGUSTINHO TATTO",0,TRUE
"970","JOAO BATISTA FREIRE VIEGAS","VIEGAS","JOAO BATISTA FREIRE VIEGAS",0,TRUE
"971","MOACIR MICHELETTO","MOACIR MICHELETTO","MOACIR MICHELETTO",0,TRUE
"972","CARLOS ALBERTO ROLIM ZARATTINI","Carlos Zarattini","CARLOS ALBERTO ROLIM ZARATTINI",0,TRUE
"973","NELSON MEURER","NELSON MEURER","NELSON MEURER",0,TRUE
"974","LUCIANO PIZZATTO","LUCIANO PIZZATTO","LUCIANO PIZZATTO",0,TRUE
"975","PEDRO DEBONI LUPION MELLO","Pedro Lupion","PEDRO DEBONI LUPION MELLO",0,TRUE
"976","EDSON BEZ DE OLIVEIRA","EDINHO BEZ","EDSON BEZ DE OLIVEIRA",0,TRUE
"977","CELSO MALDANER","Celso Maldaner","CELSO MALDANER",0,TRUE
"978","MARCO ANTONIO TEBALDI","MARCO TEBALDI","MARCO ANTONIO TEBALDI",0,TRUE
"979","ANTONIO GERALDO DE SOUZA HENRIQUES FILHO","GERALDINHO","ANTONIO GERALDO DE SOUZA HENRIQUES FILHO",0,TRUE
"980","ELVINO JOSE BOHN GASS","Bohn Gass","ELVINO JOSE BOHN GASS",0,TRUE
"981","OSVALDO ANICETTO BIOLCHI","OSVALDO BIOLCHI","OSVALDO ANICETTO BIOLCHI",0,TRUE
"982","ALCIBIO MESQUITA BIBO NUNES","Bibo Nunes","ALCIBIO MESQUITA BIBO NUNES",0,TRUE
"983","LUIS CARLOS HEINZE","LUIS CARLOS HEINZE","LUIS CARLOS HEINZE",0,TRUE
"984","RUBENS PEREIRA E SILVA JUNIOR","Rubens Pereira Júnior","RUBENS PEREIRA E SILVA JUNIOR",0,TRUE
